Youtuber Name,Total Videos
Eric Patel,68
Cynthia Harrington,128
Amanda Walker,282
Jessica Nelson MD,302
Matthew Sherman,129
Anna Berry,98
Richard Arnold,494
Stephanie Potter,133
Teresa Aguirre,316
Anne Adkins,140
David Clark,52
Kathleen Weeks,149
Melissa Kennedy,53
Kimberly Brown,299
Jennifer Martinez,383
Elizabeth Wright,79
Elijah Ruiz,373
Thomas Roberts,59
Julian Gutierrez,500
Sheila Rivera,332
Crystal Vargas,133
Kevin Marquez,228
Gregory Norman,445
Jason Hall,477
Jacob Patterson,405
Daniel Costa,423
Vincent Graves,279
Anthony Huynh,428
Michelle Rogers,269
Alison Scott,160
Sherry Reed,302
Mr. James Montgomery,484
Leah Moss,420
Shelby Pace,148
Tracie Hogan,460
Mrs. Katelyn Soto,271
Monica Henry,51
Kevin Martinez MD,208
Kathryn Harris,398
Allison Phillips,115
Maxwell Anderson,343
Terry Meyer,97
Wanda Hernandez,153
Brenda Boyd,406
Anna Frank,260
Heather Jefferson,346
Michelle Martinez,133
Sara Mack,241
Christopher Taylor,150
Larry Zimmerman,56
David Craig,114
Antonio Reilly,73
Oscar Gallegos,246
William White,476
Brittany Dickerson,487
Jennifer Kane,327
Shannon Rodriguez,469
Sarah Little,78
Timothy Page,468
Kim Martinez,405
Courtney Roberts,269
Anthony Stewart,124
Kimberly Mendoza,107
Ms. Natasha Johnston,356
Beth Clark,412
Gina Young,69
Abigail Herrera,96
Brittany Ferguson,205
Tanya Kelley,161
Stephanie Taylor,399
Bailey Guerra,255
Nichole Fleming,235
Ryan Reynolds,172
Brandon Hernandez,416
Stephanie Mahoney,123
Carlos Mcmahon,265
Gina Bennett,377
Latoya Morales,497
Jennifer Nunez,228
Whitney Montoya,388
Michael Summers,405
Denise Johnson,210
Vincent Nguyen,463
John Carpenter,256
Mia Mccormick,215
Michael Lee,163
Mary Evans,190
Tyler Clark,280
Frances Brown,492
Benjamin Green,340
Dr. Dana Gamble,189
Mary Johnston,101
Dillon Casey,290
Timothy Henson,120
Timothy Crosby,53
Philip Ward,138
Ricky Reed,467
Ian Heath,145
Frank Harrington,105
Christina Tapia,456
Anita Davis,258
Marcus Bailey,59
Jody Espinoza,442
Amanda Blackwell,136
Bonnie Arnold,252
Rebecca Collier,258
Sharon Johnson,402
Jessica Gutierrez,247
Melanie Nelson,273
Jessica Montoya,198
Claudia Pace,158
Renee Evans,150
Alice Ortiz,116
Robert Wyatt,273
David Gilbert,161
Veronica Diaz,391
Miguel Smith,191
Kimberly Rowe,482
Brent Sanchez,308
Bryan Carpenter,426
Wayne Lang,190
Christopher Logan,124
Anthony Stewart,247
Robert Conner,366
Virginia King,345
Micheal Morse,390
Alyssa Waters,467
Seth Barnes,140
Elizabeth Allen,338
Tiffany Jones,287
Raymond Lambert,91
Connor Gutierrez,386
Beth Whitaker,458
Bobby Hall,330
Edward Lane,160
John Hernandez,469
Dawn Silva,424
Christopher Cox,496
Brandon Turner,432
Brenda Crawford,356
Matthew Rivera,89
Janet Hale,309
Donna Roach,152
Jacob Ray,414
Joseph Morton,485
Travis Wright,304
Cynthia Brooks,66
Doris Jones,318
Christopher Shepard,99
Candice Howell,183
Gary Carr,230
Marie Brewer,308
Michael Potts,185
Michael Carroll,127
Katie Warren,414
Jason Howard,154
David Alexander,233
Stacey Anderson,191
Danielle Hernandez,190
Michelle Erickson,405
Holly Robbins,57
Travis Powell,66
April Hawkins,158
Mrs. Heather Ruiz,328
Jason Hill,451
Jesse King,287
Tiffany Robinson,346
Rachel Wallace,152
Edward Oconnor,313
Daniel Adkins MD,276
Brian Krueger,253
Hailey Russell,65
Michelle Sheppard,268
Jesse Blair,392
Jonathan Cox,416
Sharon Williams,308
Victoria Frank,287
Christopher Page,485
Carlos Garcia,174
Robert Choi,131
Gregory Anderson,80
Tammy Perez,111
Jennifer Smith,136
Danielle Johnson,421
Johnny Moore,93
Brad Howard,126
Stephanie Winters,480
Ryan Howard,475
Nicholas House,492
Erin Wilson,117
Jose Hernandez,429
Stanley Kennedy,487
Fred Salas,339
Scott Guerrero,158
Lindsay Erickson,464
Krista Perez,306
Tami Thompson,93
Jonathan White,218
Dana May,375
Michelle Chambers,93
Morgan Diaz,302
Dustin Hutchinson,115
Aaron Carrillo,210
Beverly Carpenter,94
Shelly Garrison,135
Brett Garcia,176
Christopher Martinez,372
Michelle Smith,272
Karen Brown,443
Diane Fields,426
Gregg Chambers,95
Daniel Nichols,351
Monica Freeman,159
Julia Johnson,285
Tony Brooks,378
Cody Lee,441
Amber Beard DDS,259
Charles Knight,223
David Watson,325
Donna Johnson,399
Yesenia Levy,469
Pamela Dickson,467
Jay Villegas,443
Larry Rodriguez,142
Kayla Cross,337
Sheri Spencer,388
Theresa Harmon,93
Rhonda Scott,174
Chelsea Wells,441
Michael Rodriguez,430
Shane Cruz,234
Richard Fisher,489
Paul Silva,500
Michael Patrick,367
Michelle Edwards,365
Gabriel Romero,56
Amy Riggs,129
Frances Willis,173
Michael Matthews,60
Jennifer Garcia,92
Daniel Kramer,60
Sherry Phillips,202
Amanda Evans,341
Thomas Carter,378
Richard Pineda,282
James Johnson,197
Ronald Garcia,182
Jennifer Mata,217
Michael Gregory,63
Maria Cruz,309
Jason Thomas,379
Holly Cardenas,253
Robert Ho,134
Lisa Olson,439
Edward Mcknight,122
Brandy Obrien,154
Pamela Nunez,323
Angela Wilson,472
Mr. Anthony Quinn,368
Angela Williams,362
Kayla Hall,373
Matthew Graham,297
Elizabeth Thornton,165
Rachel Fisher,58
Susan Hoffman,189
Christopher Weber,403
Pamela Adams,461
Angela Walker,137
Brittany Cruz,105
Brenda Doyle,388
David Torres,71
Austin Pugh,376
Michael Miranda,358
Michael Myers,339
Alan Smith,207
Brian Gomez,350
Alfred Olsen,436
Matthew Clayton,186
Renee Smith,96
Adam Barajas,435
Garrett Trevino,89
Ryan Durham,175
Jasmine Nichols,427
Jacob Snow,349
Margaret Lee,352
Jamie Vance,55
Miguel Pace,470
Laura Young,109
Heather Beasley,190
Mrs. Carrie Delacruz DDS,236
Brandy Meyer,281
Donna Carter,85
Jamie Jones PhD,469
Christian Mcdonald,77
Blake Gardner,421
Shane Hodges,197
Alisha Roth,130
Hannah Taylor,259
Daniel Richardson,129
Richard Scott,345
Joshua Allen,168
Paul Cole,101
Mrs. Michelle Schmidt DDS,334
Randy Hernandez,227
Shannon Johnson,145
Lisa Barber,170
Anthony Montgomery,100
Dylan Johnson,453
Alex Howard,148
Bryan Mitchell,475
Dr. John Briggs,483
Andrew Cruz,334
Douglas Wallace,108
Misty Peterson,473
Randy Oconnell,420
Corey Kirk,349
Hayden Haynes,210
Taylor Lamb,127
Stephen Wilson,395
Miranda Williams,97
Samantha Krueger,426
Kimberly Williams,340
Carol Knox,482
Mr. Timothy Davis,442
Jennifer Sharp,116
Anthony Moreno,97
Jennifer Simpson,388
Lauren Rogers,451
Linda Cole,459
John Blankenship,281
Judith Wallace,97
Carolyn Garcia,310
Isaac Lopez,311
Brianna Leach,243
Michelle Hendrix,374
Blake Gray,60
Sarah Brown,266
Lori Allen,396
Laura Myers,227
Michael Allison,255
Ricky Diaz,328
Stacey Fleming,315
Joseph Huffman,129
Richard Carlson,306
Charles Collins,251
Tony Serrano,147
Toni Wells,349
Sarah Wilson,135
Travis Brady,411
Connie Merritt,238
Jennifer Blackburn,146
Taylor Lee,455
Brianna Serrano,449
William Carter,233
Linda Woodard,362
Benjamin Vargas,357
Calvin Hernandez,167
Adam Jones,365
Faith Gilbert,467
Caitlin Perkins,203
Melissa Burton,273
Michael Sullivan MD,66
Mr. Thomas Davis,52
Travis Gallagher,111
Cindy Clark,70
Daniel Chang,311
Thomas Little,56
William Miller,417
Sandra Liu,119
Melissa Cohen,465
Norman Diaz,341
Debra Barnett,96
Alvin Sampson,449
Megan Schultz,256
Nicholas Rich,85
Joshua Howell,355
Kristine Black,343
Diane Ramirez,278
Dennis Hunter,469
Jason Rodriguez,400
Joseph Munoz,451
Jared Avila,413
James Cruz,223
Patrick Kennedy,230
Eric Anderson,446
Amber Wilson,494
Gary Johnson,274
Savannah Phillips,74
Melissa Salas,70
Rachel Tate,179
Jamie Park,354
Chelsey Hansen,378
William Jones,500
Mark Rodgers,141
William Macias,427
Vanessa Thompson,423
Susan Nunez,79
Charles Briggs,207
Doris Shaffer,442
Lori Olson,230
David Austin,441
Sheila Williams,179
Dylan Campbell,102
Angela Williams,395
Katherine Williamson,370
Linda Gill,74
Michael Castillo,479
John Jenkins,318
Megan Jones,404
Tina Hernandez,170
Mrs. Melissa Dawson,198
Richard Arnold,152
Cameron Baker,334
Elizabeth Barnes,160
Stephen Taylor,422
Jordan Houston,155
Victor Williams,485
Michelle Hines,73
Amy Stuart,150
Jasmine Garcia,233
Larry Hernandez,448
Amy Rivera,439
Debra Wyatt,481
Jennifer Hines,380
Christine Mccarthy,235
Mark Jacobs,430
Daniel Trujillo,420
Lauren Sullivan,185
James Kaufman,111
David Williams,188
Jennifer Brown,167
Brandon Keller,292
Melanie Davis,145
Steven Carson,379
Joshua Atkins,235
Heidi Diaz,301
Laura Hughes,463
Derek Savage,85
Debra Mendoza,417
Brian Luna,187
Benjamin Mann,400
Jeremy Sullivan,64
Rebecca Johnson,62
Angela Holmes,327
Elizabeth Mcconnell,74
William Robbins,266
Seth Smith,215
Kirk Miller DVM,279
Stephanie Wood,461
Johnathan Walsh,175
Patricia Holloway,392
Jeanette Carlson,64
Jennifer Smith,133
April Potter,54
Joanna Boyd,128
Jose Watson,471
Curtis Francis,286
Connie George,103
Mary Rose,127
Jennifer Morgan,64
Mrs. Maureen Lee DVM,185
Rachael Rodriguez,371
Christopher Ward,390
Jasmine Ramirez,442
Charles Clark,252
Benjamin Harris,371
Raymond King,93
Mary Leach,257
David Bauer,96
Janet Martinez,305
Sheila Harris,183
Mark Sullivan,227
Kevin Hill,484
Amanda Frazier,84
Dean Schneider,216
Matthew Taylor,326
Courtney Stewart,255
Robert Parks,122
Julie Joseph,270
James Jackson,488
Daniel Simpson,494
Andrew Newman,219
Joseph Bates,256
Lisa Vega,194
Jill Oneal,162
Kevin Richardson,116
Patrick Gardner,402
Jonathan Williams,228
Matthew Mitchell,468
Jennifer Kelly,75
Steven Conrad,281
Adam Duran,105
Amy Russo,500
James Anderson,293
Dr. David Brooks,236
Ryan Stephens,235
Jessica Davidson,59
Andrew Parker,289
Brittney Parker,416
George Hurst,302
Brittany Gross,50
Nichole Greer,143
Jonathan Hess,454
Zoe Peterson,78
Tina Hernandez,474
Melissa Clayton,274
Rachel Richardson,204
Jennifer Norris,325
Susan Fitzpatrick,391
Richard Jones,476
John Cooke,154
John Luna,108
Ashley Daniels,370
Douglas Miller,84
Jeffrey Li,214
Briana Rodriguez,454
Jay Johnson,50
Tyler Grant,58
John Turner,200
Kristin Nichols,60
Robert Diaz,410
Brandon Stark,432
Meghan Chambers,375
Jacqueline Crawford MD,155
Duane Roberts,221
Rachael Newman,426
Matthew Wright,125
Jason Duncan,346
Anthony Garcia,64
Jennifer Stevens,54
Cameron Spencer,340
Lisa Chan,113
Kimberly Miller,138
Dustin Nelson,54
Marissa Price,115
Jennifer Flores,352
Tiffany Hutchinson,275
Kristen Ross,411
Diane Stout,262
Marcia Harrison,105
Linda Smith,337
Erika Skinner,116
Steven Montoya,128
Jennifer Barrett,371
Katrina Howell,387
Kevin French,274
Deborah Ray,423
Michael House,402
Hannah Gardner,395
Colleen Lane,345
Brent Myers,61
Yvonne Rodriguez,190
Sarah Johnson,112
Paul Barnes,466
Russell Kelly,131
Catherine Newton,372
Amy Lee,123
Sarah Smith,196
Mr. Dylan Welch,340
Justin Jenkins,215
Elizabeth Mills,219
Dr. Mary Gonzalez,102
Christina Trevino,202
Christy Hernandez,50
William Fischer,331
Elizabeth Smith,216
Kyle Higgins,74
Wayne Jensen,130
Deanna Oconnell,174
Thomas Buckley,225
Vincent Hendricks,245
George White,183
James Carroll,456
Phillip Thompson,448
Laura Grimes,480
Paul Cain,282
Brian Avila,147
Sandra Perez,489
Thomas Brown,456
Diana Cook,226
Kimberly Santana,283
Joseph Kaufman,413
James Waller,294
Monica Sanchez,483
Stephanie Cross,419
Briana Bird,351
Mrs. Martha Moore,207
David Hoffman,117
Jennifer Molina,427
Emily Brown,387
Eric Chung,362
Tina Atkinson,499
Catherine Clark,481
Barbara Hall,491
Rebecca Perry,366
Angela Mathis,134
Kevin Jones,246
Heather Conway,174
Tiffany Ward,429
Allison Dougherty,50
Scott Jones MD,158
Brandon Stewart,399
Brett Howard,345
Karen Lee,347
William Kim,323
Corey Stevens,233
Molly Brady,88
Tara Walker,284
Sarah Nguyen,172
Michelle Morris,51
Mary Salinas,443
Paul Craig DDS,480
Anita Meza,368
Jacob Wilson,107
Christine Ho,394
Maria Martinez,289
Wendy Brewer,298
Jaime Castro,323
Ronald Hayden,413
Jessica Garza,444
Christopher Mccormick,194
Steven Williamson,140
Katherine Miles,454
Christopher Rodriguez,328
Patrick Campos,75
Michael Gill,265
Diana Johnson,216
Michael Wells,356
Ashley Schultz,221
Frank Chung,453
Heather Cameron,439
Angela Friedman,335
Kylie Woodward,64
Anthony Hernandez,466
Sheila Morrow,124
Miranda Kramer,429
David Santiago,500
Mary Black,438
Pamela Aguilar,204
Amy Patel,410
John Marquez,320
Ashley Rodriguez,324
Joshua Goodman,63
Tammy Bowman,379
Billy Alvarado,118
Charles Levy,371
Adrian Smith,449
Brian Nelson,247
Carolyn Moran,375
Jennifer Gallegos,76
Carol Berry,435
Patricia Frank,138
Audrey Leblanc,439
Anthony Harrison,496
Lauren Martinez,354
Michael Montgomery,245
Mark Bush,232
Tonya Duncan,488
Joanne Pollard,332
Gregory Pierce,60
James Rose,448
Wesley Wood,428
Christina Cox,146
George Smith,116
Christian Esparza,436
Alexander Blackwell,370
Ivan Bernard,209
Jeff Lozano,108
Sarah Kirby,331
Tiffany Lin,198
Adrian Sullivan,135
Makayla Gray,365
Alisha Adams,177
Antonio Green,259
Mark Gill,492
Christina Smith,186
Kenneth Lamb,394
Cynthia Todd,294
Jason Riggs,155
Julian Hays,257
John Galloway,184
Ryan Johnson,197
Brittney Garner,50
Carla Smith,380
Michelle Mccormick,432
Patricia Diaz,229
Thomas Johnson,331
Jason Swanson,275
Alexander White,347
Casey Bowen,156
James Smith,159
Melanie Wright,178
Tina Lopez,152
Nicole Smith,133
Roger Atkinson,487
Anna Nichols,187
Joshua Coleman,185
Carol Walker,341
Joseph Esparza,307
Jordan Davis,107
Kimberly Bright,230
Robin Stanley,424
Rhonda Fields,182
Sarah Young,236
Stephanie Wallace,434
Deborah Taylor,332
Leah Stewart,234
Jared Hayden,211
Linda Cardenas,344
Valerie Whitaker,106
Heather Morales,251
Claire Murillo,461
Lori Barron,382
Steven Arellano,387
Theodore Owens,429
Mary Davis,401
Charles Norris,488
Sean Hall,67
John Castro,248
Christopher Park,158
Joseph Torres,213
Michael Smith,448
Michael Miller,309
Amanda Baker,268
Theresa Smith,162
Barry Flores,186
Stephen Taylor,90
Destiny Rivera,139
Julie Chan,376
James Hicks,291
Belinda Mason,311
Hayley Martinez,447
Jerry Kirby,258
Joseph Wilson,420
Tiffany Hart,67
Nancy Hartman,200
Gabrielle Gardner,435
John Gonzalez,129
Michael Johnson,460
Selena Baker,389
Jimmy Diaz,128
Dr. Sarah Miranda,480
Benjamin Craig,206
Nicole Thomas,483
Michelle Turner,477
Alan Barnes,73
James Vaughn,499
Kylie Baldwin,367
Jason Larson,194
Eric Jackson,127
Joseph Mclean,491
Eric Bailey,181
Jennifer Bruce,429
Mr. Michael Snyder,375
Samuel Friedman,481
Elizabeth Sherman,71
Erin Gray,133
Brian Thomas,494
Joshua Diaz,408
Adrian Robles,202
Dominique Hughes,296
Stephanie Guerra,366
Kirsten Jackson,353
Michael Hawkins,347
Brandon Goodman,294
Catherine Hardin,57
Jeremiah Freeman,500
Theresa Smith,214
Victor Green,249
Dillon Bond,114
Patricia Harrison,259
Jacob Newman,456
Matthew Pugh,285
Caroline Roberts,275
John Johnson,473
Roy Browning,482
Aaron Rogers,125
Cheryl Pierce,451
Michael Snyder,456
Crystal Gallagher,57
Janice Patel,397
Patricia Martinez,484
Carlos Castillo,426
Lori Cisneros,349
Ricardo Gamble,88
Cynthia Jennings,262
Randall Henry,202
Anne Porter,95
Ashley Underwood,223
Susan Dominguez,66
Robin Williams,166
Makayla Smith,69
Brooke Silva,206
Theresa Carter,360
Lisa Hartman,396
Megan Mcgee,237
Victoria Garrett,367
Patricia Smith,400
Connie Peterson,117
Julia Bridges,89
David Baker,211
Earl Rivera,410
Stacey Martin,169
Maria Mitchell,496
Raymond Anderson,480
Nicole Matthews,496
Michael Hall,78
David Horton,112
Jeffrey Patterson,205
Robert Powell,97
Gina Haley,249
Amber Woods,93
Sarah Mcmahon,206
Mary Thompson,441
James Brown,279
Bradley Williams,445
Nicholas Evans,253
Kelly Beasley,425
Michael Garrison,311
Janet Johnson,141
Mark Henderson,56
Tyler Hernandez,206
Jason Rodriguez,187
Christopher Roberts,359
Cory Grant,400
Anita Ruiz,222
Dylan Perez,92
Sierra Navarro,321
Daniel Wells,362
Bryan Perez,493
Anthony Dennis,216
Edward Moreno,78
Sabrina Murphy,189
Anna Smith,139
Jasmine Smith,244
Joseph Ryan,444
Brianna Simmons,328
Jason Gray,254
Casey Porter,235
Adrian Schroeder,94
Eric Odom,219
Joshua Dean,481
Steven Mueller,119
John Jones,90
Jose Rosales,131
Billy Wells,317
David Smith,274
Nicholas Welch,312
Jimmy Scott,148
Julie Gibson,307
Daniel Jarvis,414
George Schultz,300
Heidi Wright,284
Charles Owens,343
Drew Gay,115
Christopher Mitchell,52
James Brooks,485
Caleb Sanchez,274
Adam Hernandez,181
Melissa Johnson,363
Deanna Smith,255
Charles Brooks,366
James Cooper,159
Michael Williams,335
Laura Hoffman,399
Dawn Kane,371
Brady Terry,63
Matthew Lester,65
Melvin King,90
Chelsea Bates,89
Stacy English,305
Ricky Rodriguez,274
Jessica Morris,287
Cindy Jenkins,177
Amber Morton,285
Joan Suarez,243
Heather Schroeder,253
Shelly Miller,210
Michael Liu,63
Nicolas Russo,347
Richard Atkins,217
Theresa Mendoza,357
Crystal Gonzalez,468
Jared Ray,211
Peter Wang,287
Christina Cole,146
Carla Nelson,480
Heidi Lopez,266
James Hooper,76
Andrea Long,235
Natalie Pierce,369
Donna Jackson,76
Felicia Henry,440
David Bullock,359
Michael Cunningham,422
Dr. Laura Buchanan,212
Teresa Ford,71
John Parker,492
Stephen Navarro,463
Tabitha Martinez,171
Andrew Lawson,230
Anthony Cox,454
Charles Lee,169
Jerry Baker,366
Michael Duncan,449
Corey Stephenson,443
Katrina White,100
Joshua Patel,184
Kimberly Gordon,98
Misty Wong,150
Randall Hoffman,211
Michelle Sanchez MD,170
Andrew Short,370
Marie Baker,207
Adrian King,247
Collin Schultz,405
Vanessa Rodriguez,158
Melissa Hernandez,480
Kathryn Parker,93
Amanda Drake,245
Joseph Alvarez,459
Craig Blair,265
Susan Harris,407
Anna Jarvis,324
Mary Lopez,114
Michael Barrett,62
Kristin Davis,498
Julie Moran,239
Mark Vaughn,470
Lisa Woods,284
Zachary Russell,81
Dr. Michael Hayes,473
Lisa James,248
Mrs. Eileen Lee MD,458
David Simpson,93
Lindsay Wells,105
Larry Valdez,319
Michael Smith,224
Melanie Rangel,436
Travis Perez,253
Clayton Williams,264
Norma Diaz,78
Wesley Tucker,473
Amanda Manning,315
Mark Wallace,381
Elizabeth Costa,434
Patricia Haynes,328
Christopher Wang,171
Leonard Sandoval,471
Sandra Scott,451
Christopher Lee,125
Peter Tran,100
Derek Harmon Jr.,121
Patty Kim,171
Denise Weiss,398
Charles Martinez,118
Timothy Smith,325
Jesus Flynn,153
Jamie Everett,409
Joseph Dalton,344
Courtney Johnson,486
David Rodriguez,303
Patrick Miller,242
Erika Kent,200
Monica Green,449
Lisa Williamson,159
Ethan Ritter,131
Vincent Hogan,478
Michelle Green,290
Holly Rich,117
Brittany Schmidt,354
Christopher Marshall,120
Gary Moreno,155
Patrick Nolan,466
Jeremy Jimenez,381
Susan Mills,389
Chad Small,201
Jennifer Reese,178
Steven Moore,447
Angela Pacheco,53
Amy Garcia,481
Alex Mann,141
Paul Waters,86
Mr. Brendan Porter,125
Colton Brewer,136
Debbie Robinson,396
Rachel Choi,114
Tammy Tucker,307
Phillip Willis,481
Neil Drake,351
Johnny Green,335
Wendy Mathews,467
Matthew Booker,361
Roy Watson,483
Molly Clark,437
Anthony Howe,195
Robert Hess,421
Ann Ward,267
Amanda Bauer,292
Ronnie Crane,280
Christopher Parker,398
Kristen Shaw,301
Jenna Ewing,238
Samuel Brown,453
Martin Taylor,323
Laura Smith,292
Elizabeth Moore,145
Peter Bowen,342
Gary Young,404
Roberto Huynh,99
Erika Russell,340
Donald Duran,295
Joshua Harvey,191
Thomas Browning,448
Shannon Thompson,98
Sean Austin,265
John Williams MD,77
Norman Frazier,405
Eric Morgan,121
Gina Perez,65
Mark White,362
David Cummings,372
Wyatt Benjamin,412
Cody Adams,76
Zachary Brown,427
Connie Miranda,211
Mary Welch,79
Anthony Martin,408
Nancy Smith,264
Angel Harrison,327
Morgan Juarez,277
Michael Hunter,413
Christopher Walter,490
Andrea Gibbs,351
Michele Cuevas,134
Nathan Wilson,57
Aaron Burns,314
Paul Hull,352
Jacob Rocha,383
Janice Moss,407
Steven Townsend,211
Richard James,228
Sara Nelson,302
Cathy Castro,373
Thomas Brown,194
Sherri Bowen,175
Katelyn Peters,230
Erin Glenn,387
Tony Johnson II,168
Philip Bell,129
Nicholas Hubbard,395
Olivia Morris,288
Richard Hunt,84
Karen Smith,328
Spencer Rodriguez,426
Jeffery Walls,240
Christian Warner,400
Trevor Mccarthy,165
Holly Smith,262
Ashley Hanson,292
Craig Morris,70
Philip Harrison,353
Sara Graham,332
Julia Hall,457
Anita Davis,436
Kevin Williams,176
George Brown,492
Anna Adams,78
John Fowler,362
James Martin,192
Alejandro Wilson,343
Lee Harris,319
Glenn Cunningham,183
James Dixon,466
Richard Ray,127
Erin Mcconnell,440
Alan Gonzalez,314
Cindy Strong,159
Benjamin Prince,438
Mr. Gregory Joseph,297
Lisa Moore,73
Daniel Simmons,257
Robert Peterson,85
Amanda Cox,63
Steven Conrad,426
Benjamin Murray,142
Natalie Gonzalez,190
Daniel Smith,78
Mr. Joseph Schultz,445
Yvonne Jones,64
Morgan Ball,111
Brianna Riley,422
Dr. Jonathan Price,290
Alexander Medina,72
Troy Brown,285
Daisy Gillespie,97
Benjamin Wilson,81
Tasha Smith,144
Chris Wilson,166
Janice Glover,146
Robert Jones,108
John Collins,222
Philip Adkins,500
Dennis Marshall,236
Stacy Gutierrez,346
James Riley,397
Joe Blackwell,211
Alexander Smith,349
Amanda Jackson,122
Thomas Haley,258
Adrian Winters,81
Kathleen Warren,177
Vincent Vazquez,139
Garrett Collins DDS,228
Richard Schwartz,474
Brian Wilson,77
Kyle Vargas,127
Aaron Smith,112
Mark Levine,410
Kathryn Robertson,390
Christine Parker,393
Kyle Berg,405
Kelly Jones,118
Ryan Cobb,250
James Kim,311
Eric Clark,323
Jeffrey Duarte,201
John Short,456
Amanda Frazier,200
David Perez,363
David Doyle,397
Kevin Marshall,81
James Boyd,408
Laura Perez,66
Richard Marshall,433
Mr. Ronald Guerrero,430
Anna Morton MD,98
Tiffany Landry,85
Paul Farrell,218
Jeremy Johnson,155
Michelle Callahan,199
Wendy Gibson,491
Jessica Wright,481
Casey Charles,475
Kristina Sweeney,315
Thomas Phillips,177
Kimberly Little,64
Jessica Graham PhD,300
Allen Martinez,304
Anthony Maldonado,216
Casey Mccall,118
Lauren Davis,139
Robert Knapp MD,189
Mitchell Gentry,53
Chad Dixon,361
Tracey Martinez,473
Ronald James,154
Sarah Allen,455
Nicole Juarez,418
Nicole Guerra,392
David Quinn,132
Patricia Maynard,435
Sean Henson,147
Julie Thompson,67
Corey French,256
Cassandra Pruitt,131
Virginia Williams,123
Kevin Moreno MD,242
Andrea Villegas,280
Ryan Alexander,149
Shawn Patrick,295
Jessica Beck,214
Mrs. Melissa Zimmerman,175
Edward Stevens,454
David Norman,357
Bradley Nichols,132
Maria Sullivan,121
Teresa Smith,413
Denise Garcia,89
Mr. Joshua King,303
Mr. Alexander Gonzalez,473
Lisa West,472
James Adams,146
Melinda Wilson,249
Tracy Johnson,326
Glenn Gutierrez,489
Nicole Smith DVM,118
Maria Hill,364
Haley Barnes,326
Cindy Carroll,483
Nathaniel Osborne,450
Melissa Owens,280
Matthew Barajas,389
Ricky Robinson,129
Kristina Wright,200
Lauren Perez,82
Jaime York,449
James Summers,362
Jennifer Smith,273
Ronald Scott,391
Daniel Douglas,208
Alexis Perkins,274
Bailey Hunt,234
Tina Rivera,123
Jose Brown,245
Kimberly Myers,485
Joshua Barron,229
Sarah Jones,433
Yvonne Morales,239
Emma Conrad,413
Michelle Butler,405
Daniel Gibson,116
Katherine Woodward,323
Nichole Schultz,367
Amy Osborn,370
Dr. Justin Morris,99
Joseph Lopez,73
Thomas Gonzalez,386
Monique Howe,156
Steven Hill,118
Curtis Trevino,335
Gary Wallace,321
Wayne Rose,245
Hayden Bond II,447
Willie Klein,359
Eric Alvarez,305
Donna Conley,437
Jean Murphy,80
Felicia Simmons,434
Tracy Hanson,344
John Payne,414
Jason Brown,196
Randall Smith,441
Patrick Mendez,299
Susan Silva,461
George Reed,469
Robert Chang,253
Tracey Jacobs DVM,461
Christina Rubio,83
Brittney Ponce,395
Matthew Webb,90
Thomas Harmon,459
Meredith Clark,449
Mr. Steven Mckee,311
Margaret Davis,175
Melissa Green,481
Alicia Smith,114
Jessica Miller,148
Ellen Walters,428
Edward Obrien,287
Melissa Hansen,416
Kenneth Orozco,348
Ashley Ramsey,449
Rodney Edwards,471
Morgan Glover,222
Jennifer Garcia,361
Ryan Phillips,169
Stephen Ortiz,270
Wendy Maxwell,161
Michael Baker,354
Timothy Phillips,436
Lisa Chang,436
Joshua Peterson,98
Debbie Reynolds,233
Sylvia Lopez,86
Antonio Jones,381
Jason Turner,237
Steven Steele,55
Heather Bishop,97
Shane Wilson,460
James Perkins,297
Brett Robinson,145
Peter Cain,237
Dawn Pierce,245
Jennifer Smith,119
Robert Griffin,391
Marcus Nielsen,106
Tonya Baldwin,185
Dennis Griffin,156
Yolanda Robinson,461
Johnny Rivera,126
Kristina Harris,126
Wendy Levine,288
William Stanley,124
Scott Ramirez,91
Melissa Clark,207
Madison Lamb,403
Derrick Harper,232
William Hernandez,468
Ana Newton,66
Jasmin Atkinson,347
Joseph Mendoza,260
Stanley Strickland,414
Jason Phillips,52
Raymond Deleon,66
Matthew Lara,223
Andrea Webb,136
Karen Rowe,62
Joseph Norman,497
Rebecca Bennett,116
Hannah Moore,205
Nathaniel Brown,158
Lisa Pineda,319
Robert Cooper,303
Rachel Jones,239
Lisa Griffin,194
Brett Murray,202
William Rodriguez,373
Andrew Medina,159
Aaron Contreras,312
Donna Thomas,380
Kelly Malone,428
David Mosley,469
Chad Montgomery,382
Patricia Hall,365
Joseph Powell,371
Emily Combs,388
Scott Jones,118
Aaron Robinson MD,481
Valerie Diaz,257
Crystal Harris,340
Christina Johnson,395
Devin Stevens,226
Kevin Bennett,424
Angela Alexander,359
Carol Jimenez,246
John Wilson,62
Mr. Jamie Cruz,300
Christina Davis,464
David James,475
Lauren Hernandez,311
Daniel Hurst,110
Daniel Middleton,483
Brent Taylor,380
Paul Jimenez,421
Brian Chapman,51
Sarah Hicks,91
Brandon Chaney,491
Cassandra Carter,376
Jason Bailey,206
Veronica Allen,331
Brandi Smith,296
Megan Montoya,148
Cole Harris,63
Raymond Baker,239
Leah Thomas,109
Rachel Espinoza,467
Gloria Johns,182
Joshua Anderson,454
Jesse White,371
Christine Taylor,246
Paul Alvarado,160
Bethany Wallace,368
Sean Mann,129
Rachael Maxwell,139
Patrick Wilkinson,51
Michael Murray,257
Kelly Vargas,215
Sherry Ali,400
William Williams,441
Chad Cameron,458
Scott Evans,244
Nancy Crane,436
Shannon Allen,273
Steve Brown,439
Christina Webster,432
Austin Thomas,129
Mark Gardner,70
David Tran DVM,401
Jason Hess,276
Beth Garrison,375
Jessica Carter,230
Stephen Richardson,136
Eric Frazier,295
Erika Lee,224
Stephanie Martin,300
Joseph Cisneros,436
Carlos Barnes,372
Nicole Harrell,351
James Miller,482
Debra Williams,167
Taylor Pacheco,211
Michael Perez,83
Robert Hunter,53
Robert Moreno,409
Christopher Robinson,378
Sharon Patrick,235
Cassidy Morton,371
Grant Hall,384
Stacy Diaz,118
Kathleen Bailey,212
James Douglas,412
Aaron Melendez Jr.,469
Willie Wilkerson,105
Greg Stewart,314
Christy Mitchell,382
Jessica Cruz,365
Mary Hernandez,339
Christian Robertson,489
Mrs. Heather Boyd,309
Sandra Conley,388
Charles Briggs,160
Aaron Gregory,81
Kelly Fowler,376
Carrie Warren,75
James Lewis,444
Tracy Miller,225
Thomas Fowler,166
Toni Harris,93
Kristin Cabrera,269
Autumn Barnes,279
Kathryn Williams,369
Carl Lee,381
Christine Collins,67
Anthony Mcintyre,228
Eric Hernandez,474
Sheila Kelly,307
Anna Evans,395
Andrea Young,398
Aimee Lucero,143
Jonathan Jones,249
Carl Hill,268
Jennifer Glenn,413
Adam Woods,294
Bruce Baird,296
Juan Johnson,164
Virginia Collins,440
Amber Sims,67
Christina Mata,284
Holly Miller,106
Matthew Lee,451
Michael Berger,344
Laurie Powell,444
Richard Patrick,140
David Anderson,298
Joseph Randolph,64
Julia Thompson,67
Kaitlyn Strong,122
Matthew Gregory,72
Aaron Wood,460
Hannah Atkinson,257
Karen Foster,264
Monica Robinson,114
Todd Morris,259
Jennifer Lucero,253
Steven Armstrong,433
Chad Diaz,71
Thomas Lopez,442
William Scott,463
Laurie Harrell,362
Jonathan Barnett,321
Kimberly Henderson,195
Jordan Leach,442
Kelly Smith,415
Kristi White,260
Aaron Hayes,320
Robert Beck,215
Angela Nunez,334
Deanna Sellers,100
Alejandra Moody,298
Victoria Bradley,346
Chad Cole,74
William Lang,120
Kimberly Lopez,384
Gloria Brown,337
Misty Warner,107
Jason Randall,340
Maurice Mullins,84
Robert Nielsen,434
Ruth Wilson,467
Casey Clark,258
Crystal Brown,450
Tamara Thomas,455
Jonathan Adams,114
Dennis Thomas,320
John Stevens,145
Tammy Rivera,282
Mary Garrett,316
Stephanie Lucas,286
Linda Clark,254
Andrew Flynn,245
Sheila Acosta,258
Theresa Barton,65
Adrienne Williams,173
Tara Lewis,134
Wayne Young,377
Courtney Dominguez,91
Danielle Ramirez,199
Derrick Miles,322
Sydney Zhang,170
Rachel Johnson,417
Jimmy Evans,182
Jesse Simmons,388
Tracy Day,210
Clayton Miller,57
Kevin Silva,303
Miss Dawn Taylor,316
Anna Nunez,137
Bianca Crawford,138
David Tucker,399
Brandon Ryan,109
David Flores,267
Ethan Simmons,217
Lisa Moreno,129
Wendy Miller,439
Kathleen Perez,78
Cindy Allen,153
Shawn Pratt,400
Casey Clark,169
Wendy Hamilton,85
Tiffany Johns,319
John Huffman,93
Antonio Boyd,172
Glenn Baker,496
Carolyn Lawrence,333
Tracy Ward,90
Derek Reynolds,296
Richard Perez,355
Michael Hill,142
Mark Tapia,206
John Gibson,171
Cody Watson,475
Alex Stokes,73
Kimberly Lee,396
Kevin Harper,213
Angela Moore,323
Tracey Hudson,163
Janice Best,182
Dustin Sullivan,69
Devon Hill,459
Tina Watson,380
Erika Brown,258
Jeffrey Cole,369
Elizabeth Norris,161
Sherry Brooks,208
Leonard Pierce,475
Carol Spencer,474
Daniel Howell,171
Rodney Cole,157
Cheryl Vargas,457
Melissa Morgan,302
Amanda Mays DDS,261
Kenneth Booth,369
David Edwards,389
Glenn Gonzales,281
Kelly Pace,373
Jasmine Mcbride,440
Erin Jones,103
Peter Jones,298
Patrick Coleman,342
Stephanie Martinez,140
Alicia Martinez,125
Cory Martinez,203
Monica Randall,494
Steven Oliver,468
Marissa Carson,174
Juan Mitchell,458
Richard Gordon,207
Kevin Pierce,247
Emily Turner,246
Mercedes Perry,331
Diane Fisher,198
Gail Kelly,97
Victoria Martin,59
Dr. Katherine Small DDS,215
Linda Graham,266
James Lee,126
Mary Herman,409
Dana Cook,424
Nicholas Young,487
Amanda Montgomery,293
Elizabeth Reese,58
Brian Johnson,64
Jason Guerrero,241
Jason Johnson MD,481
Marie Brown,54
Amanda Farrell,240
Kendra Shannon,472
Craig Young,360
Ronald Bruce,416
Tanya Gutierrez,194
Lisa Watson,179
Marie Hancock,345
Ricky Chen,385
Kristin Frazier,188
Matthew Douglas,357
Robert Shah,174
Scott Brown,366
Lindsay Hall,329
Kelly Boyd,96
Tina Baker,432
Bruce Howard,436
Aaron Rodriguez,295
Jeffrey Rodriguez,284
Collin Lambert,422
Molly Johnson,154
Danny Guerrero,106
Christian Lang,401
Jessica Williams,296
Bailey Richardson,307
Terrance Flowers,174
Craig Bauer,389
Kelly Pearson,481
Robert Landry,379
Daniel Miller,215
Timothy Montgomery,76
James Hammond,251
Paula Cuevas,366
Matthew Andrews,143
Angela Cruz,95
Thomas Stafford,165
Diane Stevens,423
Christina Turner,406
Beth Calhoun,112
Stephanie Murphy,153
Ronald Wong,357
Lisa Boone,424
Douglas Torres,454
Hannah Mccoy,429
Robert Heath,417
Mary Welch,165
Angela Brown,134
Jeremy Haynes,398
Stephen Miller,264
Richard Cox,410
Alexis Miller,269
Brooke Torres,188
Maria Thomas,405
Sara Short,499
Valerie Bell,496
Christopher Mccarthy,65
Renee Williams,210
Michael Pena,50
Robert Mejia,214
Tina Clark,214
Jay Stafford,165
Jennifer Weber,183
Kerry Crane,297
Fernando Gonzales,288
Pamela James,257
Sarah Green,448
Megan Stark,132
Michael Hernandez,443
Laura Butler,142
Christopher Gardner,90
Katie Mitchell,339
Frank Salazar,429
Angela James,348
Jerry Bailey,378
Jessica Ramirez,67
Erica Bryant,422
Brian Murray,343
Robert Wilson,423
Brenda Curtis,268
Jeffery Jimenez,152
Christopher Thomas,224
Felicia Thompson,125
Jeffrey Ford,259
Andrea Williamson,306
Randy Glover,52
Michelle Wilson,124
Robin Martinez,265
Jamie Martinez,232
Sarah Ward,341
Andrew Gray,86
Sean Evans,352
Warren Wilson,473
Brandi Hall,359
Jeremy Johnson,437
Jasmine Little,127
Rodney Rivera,79
Mr. Steven Jones,200
Robert Delgado,364
Jennifer King,290
Hector Morales,224
Mrs. Amber Simmons,133
Kevin Benson MD,72
Karen Bush,376
Kristin Cooper,315
Kimberly Vazquez,327
Joseph Wilson,265
Kimberly Johnson,269
Tabitha Rodriguez,159
Cheryl Rice,242
Donna Wells,489
David Kelly,453
Sean Miller,323
George Warren,361
Peggy Hester,296
Joseph Robertson,74
Jack Bridges,151
Melinda Small,285
Marissa Smith,217
Anne Sims,277
Patricia Rose,401
Lacey Tucker,97
Ricky Wright,344
Emily Rivas,115
Ryan Williams,370
Abigail Clark,320
Michael Smith,320
Matthew Hughes,354
Jill Padilla,102
Evan Holden,110
Evan Young,365
Misty Ruiz,151
Randy Washington,255
Jo Deleon,390
Samuel Stein,68
Jonathan Hendricks,389
Tracy Nelson,191
Mike Ramirez,479
Mary Baird,463
Maria Rogers,65
David Lopez,496
Terri Stephens,390
Julie Scott,262
Jeffrey French,329
Stephanie Williams,250
Gina Rios,211
Stephanie Todd,351
Beth Adkins,300
Stacey Small,444
Christie Johnson,104
Jonathan Mccullough,423
Jordan Gibbs,417
Raven Alexander,420
William White,408
Nathan Reeves,316
Erin Holland,294
David Gillespie,496
Gina Wilkerson,278
Caitlin Hodges,420
Brian Hill,64
Kristine Neal,111
Heather Mitchell,171
Kathryn Miller,254
Edwin Trujillo,356
Sheila Carter,198
David Bailey,115
Joseph Garza,55
Marvin Pineda,240
Aaron Hawkins,461
James Miller,51
Jacob Lane,301
Jose Hinton,60
Susan Brown,290
Edward Phillips,247
Michelle Pugh,141
Christopher Benson,475
Mary Mason,399
Katherine Hill,488
Yvonne Snyder MD,353
Melanie Torres,248
James Jenkins,416
Kimberly Boyer,133
Amy Bean,72
Noah Matthews,496
Daniel Lewis,395
Mark Rodriguez Jr.,100
Karla Dawson,170
John Campbell,120
Alan Smith,222
Patricia Gallagher,202
William Walters,438
Scott Ford,257
Teresa Carter,436
John Welch,263
Jesus Frost,343
Matthew Noble,348
Brianna Faulkner,227
Christopher Buckley,75
Jordan Martin,51
Dana Brown,72
Theresa Short,193
Jennifer Mack,156
Hannah Ford MD,104
Pedro Rodriguez,433
Morgan Robinson,361
Andrew Edwards,390
Gloria Erickson,275
Mia Shepherd,78
Keith Larson,66
Andrew Brooks,165
Johnny Kelly,461
Alisha Klein,173
Sydney Hunt,339
Mr. Frank Moreno,199
John Johnson,315
Kelly Lewis,467
James Martinez,182
Margaret Fowler,104
Vanessa Lambert,152
Diana Turner,140
David Brandt,99
Carlos Boyer,59
Dr. Heather Salas DDS,262
Joanne Armstrong,304
Tanner Johnson,69
Don Patel,131
Bradley Lopez,348
Roger Moore,442
Mark Pacheco,227
Joseph Salazar,254
Victoria Ayala,299
Lauren Conrad,460
Richard Douglas,291
Barbara Smith,56
Travis Garza,125
Dalton Flores,255
James Wolfe,96
Pamela Alvarez,291
Clifford Swanson,88
Jennifer Evans,298
Cameron Mason,192
Elizabeth Murphy,208
Alicia Stephens,54
Christopher House,110
Eric Powell,81
Amanda Harris,455
Matthew Velez,189
Roger Adams,176
Kristi Johnson,224
Jaclyn Hart,347
Lori Thomas,369
Christopher Riley,478
Cameron Cross,95
Sally Jenkins,295
April Hernandez,252
David Raymond,415
John Hanson,490
Mariah Jackson,429
Michael Cook,446
Lisa Chavez DDS,153
Tammy Bowers,473
Ashley Velasquez,170
Julie Butler,338
John Parsons,77
Shawn Swanson,220
Matthew Black,490
Paul Bailey,197
Anna Mcbride,332
Maria Crosby,106
Mathew Baker,271
Megan Smith,400
Carla Garcia,228
Darlene Moreno,287
Susan Hines,105
Michael Davis,278
Sandra Stark,311
Mrs. Rachel White,60
Christine Henderson,495
Shelly White,275
Kim Brandt,432
Amanda Arnold,120
Faith White,482
Michele Lin,127
Michael White,230
Samantha Francis,327
Christine Perez,261
Paul Ferrell,430
Tina Burton,144
Brandi Smith,389
Kelly Greene,326
Gabriel Rice,342
Michelle Bradford,371
Melissa Higgins,309
Daniel Spencer,431
Jessica Carter,382
Dennis Cox,104
Matthew Rivera,324
Melissa Ewing,299
Devin Schultz,300
Billy Grant,465
Christopher Henson,311
Oscar White,313
Chad Rocha,149
Daisy Hinton,175
David Wilson,440
Madison Cole,300
Roberto Terry,465
Dillon Gonzalez,432
Melinda Perez,128
Matthew Combs,187
Cheryl Collins,77
Shelly Johnson,344
Matthew Jones,441
Brandon Williams,266
David Weeks,255
Michelle Greer,206
Cynthia Walton,126
Jared Chang,324
Miranda Spencer,371
Anna Watts,53
Joshua Barker,236
Katelyn Lloyd,349
Heather Vargas,122
Roger Barnes,245
Steven Herrera,430
Rebecca Young,166
Jason Reynolds,275
Justin Davidson,210
Phillip White,440
Tony Randall,340
Spencer Mayer,97
William Warner,232
Shelly Wells,256
Donald Stanley,61
Brenda Espinoza,440
Elizabeth Harrington,399
Angela Moore,125
Spencer Russo,329
Tony Sparks,229
Kimberly Young,462
Aaron Marshall,360
Regina Ramirez,171
Brian Keller,64
Dr. Mike Oneill,166
Cody Hatfield,482
Nicholas Reeves,229
Wendy Carr,498
Jose Gaines,357
Brian Martinez,144
Peter Rivas,455
Lydia White,418
Sarah Martinez,62
Andrew Melton,373
Pamela Wells,148
Samantha Wells,86
Casey Myers,419
Jasmine Buckley,102
Charles Powell,314
Joshua Stephens,140
Kelly Graves,487
Mary Williams,51
Molly Gibson,71
Charles Robertson,328
Tiffany Trujillo,91
Scott Wagner,231
Elizabeth Patterson,252
Justin Perkins,170
Erik Singh,181
Kelly Walker,269
Stephanie Sparks,345
Jaime Padilla,253
Zachary Phillips,478
Miguel Ross,500
Vincent Wade,240
Anna Rodriguez,56
Daniel English,374
Victoria Copeland,270
Jeffrey Bean,134
David Boyd,229
Xavier Lynch,229
Ryan Serrano,468
Dale Rodriguez,429
Jessica Nichols,476
Melinda Stokes,256
Timothy Boyer,424
Danny Bonilla,367
Eric Ross,198
Dylan Ball,339
Matthew Beck,303
Matthew Watson,475
Tonya Hall,372
Daniel Stone,301
Janice Espinoza,305
Jeffrey Johnson,401
Jeanette Daniels,255
Andrea Sanchez,432
Michelle Johnson,347
Bryce Pierce,215
Alan Keith,340
Vanessa Miller,451
Daniel Gonzales,368
Curtis Spencer,408
Edwin Martinez,428
Lawrence Parks,84
Randy Warren,94
Samantha Henry,88
Patrick Jenkins,159
Jesus Burton,143
Robin Harris,144
Craig Dillon,476
Rita Ray,313
Nichole Garcia,303
Dawn Jenkins,482
Scott Quinn,172
Jacqueline Sherman,134
Kathryn Campbell,262
Kyle Martin,499
Hannah Gallagher,469
Cynthia Romero,121
Elizabeth Brooks,126
John Boyd,149
Michael Brown,461
Mr. Douglas Scott,346
Steven Cooley,183
Drew Rojas,224
Rebecca Miranda,353
Melissa Martin,195
Brittany Young,243
John Morrow,261
Raven Walters,323
David Hill,96
Sandra Rodgers,159
Jacqueline Valdez,191
Jose Thomas,362
Ronald Martin,244
Krista Barnes,429
Tyler Hood PhD,54
Courtney Love,463
Thomas Olson,297
Rebekah Hicks,382
Erin Bennett,439
Ian Smith,180
Mary Wade,240
Richard Hill DDS,381
Jesse Davis,411
Jesse Taylor,153
Jeffrey Smith,320
Barbara Wagner DDS,359
Ann May,130
Michelle Trevino,226
Theresa Watson,375
Barbara Barnes,116
Michael Morgan,137
Jeremy Flores,207
Steven George,172
Katherine Estrada,88
Stephen Taylor,425
Colleen Haynes,112
Kathryn Bradley,68
Melanie Jacobson,484
Erica Randolph,404
Kenneth Mckinney,153
Ashley Young,275
Brian Smith,259
Rachel Pugh,396
Philip Jones,114
Derek Lee,402
Matthew Holland,407
Melissa Robinson,487
Robert Barnes,359
David Valdez,145
Gina Taylor,89
Allison Herring,221
Xavier Hester,349
Cheryl Brooks,320
Angela Owens,418
Dustin Bentley,437
Nicholas Brown,462
Dr. Michael Mccormick DVM,310
Shane Russell,55
Dennis Barajas,128
Nicholas Gordon,262
David Flores,298
Mrs. Janice Williams MD,324
Dr. Brian Lambert,245
Brian Atkinson,327
James Manning,162
David Hawkins,303
Bruce Smith,471
Chris Johnson,91
Yolanda Cooper,186
Victor Huffman,111
Lisa Terry,99
Margaret Luna,402
Debra Novak,288
Jeffrey Williams,239
Jason Crawford,376
Melissa Harvey,199
Lauren Atkins,228
Anne Montgomery,315
Vincent Wong,91
Michael Walsh,240
Jordan Taylor,456
Harry Mccarthy,119
Sabrina Mcgrath,237
Collin Pierce,408
Trevor Pena,491
Ashley Adams,496
Elizabeth Stevens,336
Shaun Allen,246
Tina Mitchell,294
Joshua Lam,485
Ruben Jones,207
Martin Davis,302
Crystal Johnson,111
Kimberly Johnson,312
Sandy Lopez,317
Timothy Key,285
Linda Fernandez,129
Laura Lane,205
Ryan Weeks,71
Brian Thompson,499
Christian Chen,335
Angel Lee,241
Brianna Arroyo,249
Brian Tyler,176
Alicia Fischer,205
Felicia Davidson,68
Shannon Chung,289
Kimberly York,217
John Hill,332
James Brown,331
Jessica Johnson,360
Nathan Berg,347
Bryan Young,489
Kendra Clark,270
Bradley Owen,237
Rachel White,281
Lisa Winters,384
Brittany Perez,255
Rebecca Walsh,357
Patrick Miller,345
Sara Bishop,466
Jack Shepherd,293
Brandon Kelly,328
Juan Moore,304
Wendy Perez,182
Julie Hamilton,162
Heather Myers,480
Jesse Chavez,362
Jacqueline Leonard,270
Natalie Carr,180
Kerry Shepard,408
Mark Fitzgerald,83
Michael Freeman,490
Stephanie Donaldson,431
Roberta Steele,219
Tiffany Wilson,82
Ashley Jones,74
Dominic Ward,214
Kathy Archer,231
Anthony Miller,108
Kayla Fischer,246
James Velasquez,282
Caroline Brown,255
Zachary Hendricks,176
Richard Sanders,54
Emily Henderson,481
Brian Wood,182
Sarah Perez,409
Lindsay Walker,189
James Terry,292
Dr. Andrew Davis PhD,456
Regina Vaughn,442
Geoffrey Campos,112
Kimberly Ward,457
Melissa Solomon MD,339
Debbie Smith,224
Mrs. Marie Copeland,86
Angela Hamilton,324
Sara Ellis,399
Brandy Merritt,180
Bonnie Rose,120
Dalton Shepard,172
Sandra Edwards,421
Victoria Smith,123
Sandra Nelson,97
William Key,412
Richard Poole,215
Michelle Hudson,415
Charles Tucker,101
David Johnston,480
Kelly Richards,271
Debra Walter,489
Megan Perez,467
Lisa Wolfe,472
Kaitlyn Levine,430
Alisha Deleon,365
David Cervantes DDS,94
Jill Rodriguez,205
Paul Sexton,104
Nicole Jackson,288
Joyce Moore,323
Hector Knight,173
Paige Cain,165
Christopher Evans,243
Justin Bell,142
Luis Estrada,101
Amanda Cole,497
Joshua King,198
Terri Reyes,467
Michelle Braun,98
Jeffrey Ortiz,257
Emily Jones DDS,469
Katelyn Harris,415
Shane Garcia,462
Christine Hopkins,236
Theresa Mahoney,330
Kathryn Sanchez,352
William Mendez,434
Michelle Spears,145
Aaron Bishop,151
Jessica Brooks DDS,111
Matthew Wiley,491
John Kelly,52
Ricky Suarez,380
Tonya Rollins,187
Larry Gilmore,236
Diana Ray,177
Elizabeth White,308
Lindsay Bennett,451
Mason Harris,310
Pamela Phillips,209
Cheryl Cherry,60
Mary Lee,307
Michael Lewis,257
Patricia Casey,198
Shawna Adkins,347
Kimberly Brown,75
Courtney Martinez,405
Anthony Mcdonald,397
Maria Hensley,296
Robert Case,371
Johnny Olson,369
Karen Reyes,208
Brian Gamble,105
Tonya Morales,359
Elizabeth Walker,229
Mrs. Meredith Bowers,319
Patrick Harper,374
Priscilla Heath,188
Eric Moore,134
Paul Bartlett,197
Joseph Robertson,226
Jeffrey Hicks,317
Theresa Hunter,94
Jason Sellers,264
Joel Reyes,202
Scott Howard,285
Alexis Murray,438
John Hartman,390
Kelli Smith,201
Kimberly Garrison,224
Christopher Romero,208
Ashley White,476
Tina Vargas,442
Mark Jackson,161
Mark Jones,466
Amy Harris,271
Daniel Roy,423
Adrian Benjamin,416
Jesse Jefferson,158
Troy Ballard,111
Cindy Henderson,237
Lori Martin,225
Alicia Taylor,59
Dale Khan,362
Kyle Franklin,76
Wesley Robinson,166
Stephen Henson,174
Jessica Parks,403
Ryan Lewis DVM,289
Alejandro Jones,152
Tina Kim,352
Joseph Tate,494
Rachel Dean,492
Jill Stevens,96
Andrew Moore,267
Katelyn Stafford,219
Nicole Burgess,360
Bobby Martin,113
Dale Hamilton,68
Sherry Rivera,242
James Cole,150
Chris Bell,137
Breanna Tyler,455
Gerald Aguilar,235
Sandra Crosby,130
Joseph Gonzalez,282
Amy Bush,469
Tina Patton,404
John Larsen,362
Wendy Clark,131
Logan Murray,344
George Kennedy,281
Barry Perez,219
Carl Schmidt,92
Kathleen Saunders,484
Nicolas Watkins,258
Rebecca David,369
Alejandra Coleman,71
Carlos Smith,429
Krystal Graham,399
Carol Wilson,445
Justin Erickson,84
Tonya Velasquez,227
Darrell Wright,68
Sierra Garcia,496
Joseph Griffith,489
Laura Salinas,433
Willie Tanner,208
Jennifer Murray,74
Mrs. Rhonda Herman,457
Yolanda Holmes,356
Crystal Miller,463
Gail Travis,57
Gerald Davis,88
Lance Howell,191
Martin Mendoza,426
Connor Vasquez,108
Mary Washington,321
Nicholas Hopkins,391
Shane Miller,96
Jose Burch,224
Scott Castro,435
Bethany Wallace,52
Carla Lopez,367
Joshua Perry,75
Michael Schultz,481
Jessica Mills,285
Amy Mills,326
William Harper,243
Susan Martinez,412
Dr. John Andrews,451
Alexis Larson,241
Louis Montoya,129
Michael Price,326
Charles Hill,246
Mary Jones,474
Michael Ward,74
James Contreras,113
Miranda Lopez,153
Tabitha Velasquez,129
Bailey Smith,81
Adam Tran,292
Kayla Hogan,287
Kimberly Santos,294
Sarah Lee,125
Elizabeth Newton,399
James Mcdonald,203
Justin Smith,370
James Gonzalez,349
Lawrence Peck,71
Trevor Anderson,284
Kristen Calderon,325
Hannah Evans,316
Amy Mcgrath,61
Emily Rodriguez,314
Erica French,332
Kevin Phillips,84
Scott Gonzalez,397
Mr. Cody Brennan MD,235
Christine Edwards,71
Jessica Murphy,277
Kimberly Leach,341
Abigail Logan,204
Mark Morton,470
Sydney Hogan,67
Patrick Brewer,306
Joshua Young,94
Anna Maxwell,194
Kevin Perry,175
Michael Thompson,235
Paula Alexander,277
Brian Delgado,327
Danny Osborn,218
Richard Padilla,393
Tyler Mercado,109
Jose Reese,140
Kelly Horn,280
Amanda Snyder,332
Jessica Perez,443
Peter Ward,104
Kayla Rios,81
Mrs. Kimberly Marquez,225
Dr. Joy Waters MD,121
Ronald Christian,485
Lauren Parks,215
Brittney Crawford,356
Shane Kim,490
John Rodriguez,339
Wanda Miller,234
Amanda Jones,184
Gabriel Parsons,375
Jonathan Hill,120
Stephen Reeves PhD,361
Devin Gonzales,492
Michelle Green,266
Rachel Andrews,152
Mr. Nathaniel Johnson,343
Brian Vazquez,298
Rebecca Crawford,56
Douglas Francis,180
Steven Wu,388
Rhonda Jordan,457
Carlos Smith,366
Jerry Grant,495
Amber Velazquez,408
Sara Peterson,277
Cassandra Santiago,174
Mrs. Alyssa Smith,223
Bradley Evans,417
Miranda Wilson,397
Phyllis Patton,256
Mark Parks,478
Matthew Soto,466
Ariana Newton,230
Joel Nguyen,108
Anne Morgan,464
Beth Smith,97
Mrs. Paige Ellison DDS,207
Linda Huang,209
Gregory Brandt,122
Keith Haas,229
Michael Brown,307
Cheryl Pena,124
Andrew Howard,470
Bradley Jimenez,285
Jared Odonnell,127
Mercedes Tucker,409
Dr. Derrick Allen,424
Justin Love,164
Stephen Fields,133
Albert Adams,54
Bradley Anderson,169
Brenda Jennings,380
Kyle Allen,402
Lori Daniel,312
Matthew Harris,141
Gerald Camacho,443
Mike Quinn,135
Paula Knapp,336
Jose Montgomery,228
Melinda Scott,223
Alicia Myers,446
Joshua Barnes,145
Lee Contreras,428
Ashley Singleton,460
Jacqueline Burgess,463
Jonathan Huynh,479
Sophia Mendoza,434
Kirk Moore,450
Melissa Norton,168
Paul Rice,253
Mark Byrd,65
Brittney Newman,278
Madison Jennings,172
John Hicks,233
Kenneth Baker,437
Alex Flynn,479
Joe Peterson,224
James Molina,164
Natalie Herrera,463
Christina Gonzalez,117
Eric Parker,297
Gabriel Kane,86
Robert Harrell,350
Tiffany Francis,253
Amber Nelson,150
Linda Gonzalez,123
John Hutchinson,76
Jasmine Long,423
Jason Taylor,185
Logan Robinson,173
Justin Sims,122
Steven Stephens DDS,479
Jennifer Nixon,305
Rodney Faulkner,232
Justin Barajas,265
Scott Waller,446
Alexander Steele Jr.,323
Mark Simon,242
Katie Sanchez,197
Travis Allen,405
Richard Rodriguez,307
Andrea Ramsey,203
Gabriel Fuller,59
Stacy Riley,228
Nicole Miller,76
Heather Matthews,189
Jason Walker,208
Thomas Warner,366
Amanda Calderon,154
Lisa Allison,109
Joel Mejia,441
Troy Byrd,267
Gabriela Brown,445
Melissa Smith,85
Kevin Carter,266
Jacqueline Berry,347
Whitney Morris,387
Brian Powell,274
Stephanie Ramirez,475
Christopher Branch,142
Christina Williams,104
Amy Terrell,391
Kevin Nelson,156
Norman Johnson,424
David Hanson,69
Jo Jones PhD,342
Steven Davis,81
Morgan Hayes,260
Jessica Taylor,58
Taylor Castillo,251
Vickie Anderson,55
Jillian Hill,273
Tony Adams,360
Christine Velasquez,347
Brandon Thompson,468
Cynthia Stewart,84
Jennifer Wilson,287
Martha Ruiz,462
Christopher Johnson,462
Charles Wilson,249
Christopher Swanson,372
Nicholas Johnson,226
Tyler Krueger,211
Michele Johnson,54
Caitlin Lee,306
Mrs. Amanda Mosley,81
Michael Howell,196
Karen Trujillo,220
Brian Reeves,227
Ebony Silva,109
Michael Morris,211
Michael Grant,499
Dr. Laura Garcia,136
Shelley Williams,143
Rhonda Noble,143
Shaun Garner,248
Gavin English,288
Donna Murphy,491
Dr. Amanda Cummings DDS,465
John Mason,275
Wyatt Forbes,220
Jason Hamilton,107
Michael Hernandez,381
Christine Hamilton,169
Jordan Moore,172
Mary Richardson,438
Jasmine Smith,418
Sydney Martinez,420
Steven Mcdaniel,351
Tiffany Murphy,415
Tiffany Shields,248
Monica Perez,380
Keith Daniels,160
Lori Grant,475
Catherine Lynn,209
Casey Davis,297
Denise Rogers,205
Brent Hines,382
Michelle Montoya,156
Steven Jones,104
Joseph Boyer,337
Danielle Ferguson,490
Stanley Nguyen,277
Jeffrey Melendez,114
Katelyn Hunter,327
Michael Henderson,258
Christopher Mata,218
Vanessa Mcclain,75
Gina Johnson,100
Olivia Blackwell,293
Danielle Maddox,221
Jesus Johnson,399
Christine Bradley,362
Christine Hogan,466
Joseph Jones,369
Yolanda Wilson,352
Anthony Mendoza,463
Heather Le,260
Christina Jones,158
Bryan Joseph,249
Teresa Scott,252
Jesse Barrett,438
John Chan,401
Barbara Moore,233
Jeffrey Clayton,437
Diana Hicks,212
Stacey King,324
Stephen Hale,475
Adam Oconnor,403
Leslie Wagner,196
Nathan Todd,485
Trevor Moran,62
Christina Compton,444
Stephen Simpson,135
Daniel Munoz,327
Jennifer English,61
Duane Olson,335
Mrs. Sara Tran MD,304
Alexis Hull,352
Stephanie Jackson,179
Juan Key,416
Kristen Griffith,326
Nicole Anderson,127
Madison Young,350
William Wagner,185
Isabel Harding,373
Christina Brown,200
Melissa Ross,196
Nicole Larson,191
Daniel Brown,387
Brian Evans,176
Christopher Cobb,341
John Perkins,107
Joshua Perry,217
Sean Moore,328
Tricia Eaton,82
Erin Bennett,494
Yvonne Williams,88
Gary Decker,126
Antonio Montgomery,370
Kristin Long,349
Kristine Chambers,216
Brian Rodgers,71
Maria Wright,487
Denise Bird,400
Theresa Thompson,222
Joshua Ray,219
Marc Tucker,282
Pam Garcia,340
Andrew Wright,375
Nicholas Hall,471
Ashley Rodriguez,130
Charles Thomas,479
Mark Martin,87
Christine Ramirez,327
Stephanie Rivera,231
Jason Yang,351
Erica Gonzalez,357
Amber Gay,56
Heather Phillips,119
Shawn Snyder,122
Wendy Joseph,81
Kevin Reid,163
Barbara Petersen,107
Gary Rios,334
Julie Russell,120
Brian Mitchell,321
Daniel Reed,93
Crystal Ross,447
April Sparks,253
Sandra Weaver,100
Ryan Williams,160
Eric Graham,132
Russell Patel,290
Joshua Pope,328
Paul Medina,245
Lauren Carson,491
Brandy Jones,227
Heather Porter,272
Ricky Davis,469
Rachel Rios,372
Amy Ramos,177
Kayla Wilson,486
David Hood,248
Thomas Mcguire,337
Laura Barrett,91
Ashley Maddox,191
Natalie Daugherty,263
Denise Lester,411
Robert Reeves,295
Robin Meyer,112
Glenn Rodriguez,353
Heather James,218
Cynthia Peterson,498
Paul Reynolds,123
Amy Knight,396
Jacob Herrera,457
Richard Anthony,108
Carrie Ryan,282
Heather Jones,293
Christopher Greer,83
Jessica Hudson,254
Kathryn Greer,289
Dominique Manning,185
Jessica Harris,97
Debra Herrera,392
Joshua Suarez,162
Evan Robinson,310
Russell Braun,320
John Beltran,305
Phyllis Williams,177
Joseph Harris,204
Danny Lopez,65
Mr. Brandon Tapia MD,331
Michael Fitzgerald,78
Todd Christian,413
David Williams,85
David Walker,296
Natalie Goodman,361
Christine Nelson,161
Martin White,257
Randy Williams,362
Brian Johnson,377
Misty Gonzales,409
Gregory Maddox,324
Mrs. Beth Fox,95
Mary Jones,384
Jessica Rogers,112
Erica Jackson,284
Amy Allison,312
Julia Cochran,54
Cynthia Osborn,135
Joshua Daniel,376
Stephanie Carlson,238
Thomas Owens,288
Kelly Ayers,154
Alan Mitchell,383
Aaron Archer,136
Jennifer Anderson,148
Kevin Sims,302
Martin Walsh,307
Travis Crawford,495
Zachary Campbell,117
Susan Conway,330
Wanda Carr,198
Shannon Jones,388
Ronald Williams,50
Alan Waters,340
Scott King,51
Stacey Dean,322
Marisa Gardner,129
Stacy Wheeler,132
Amy Peterson,107
Melissa Martinez,254
Gregory Smith,237
Charles Black,344
Cindy Taylor,178
Joe Reeves,187
Kari Parker,346
Dennis Hernandez,471
Catherine Richmond,209
Rodney Mcdaniel,286
Brittany Campos,389
Ashlee Sanchez,397
Autumn Taylor,377
Logan Robinson,481
Angela Roberts,426
John Kemp,318
Angela Smith,401
Brandy Garcia,390
Lori Harris,125
Michael Underwood,51
Kayla Cooper,72
Monica Carson,103
Thomas Black,172
Kelsey Lane,415
Nancy Sellers,412
Tabitha Garcia,415
Julia Lawrence,259
Laura Flores,118
Phillip Tate,61
Pamela Cummings,99
Amanda Lopez,355
Kevin Williams,460
Ryan Cordova,115
Cory Davidson,412
Veronica Lamb,120
John Lopez,124
Jesus Rivera,191
Lisa Jackson,96
Shannon Fischer,310
Chelsey Mccormick,390
Mary Elliott,109
Edward Goodman,286
Margaret Hernandez,486
Jesse Hart,114
Charles Brown,116
Pamela Berry,56
Daniel Austin,243
Jorge Juarez,93
Richard Turner,275
Heather Wilson,374
Jason Ortiz,450
Hannah Krause,285
Rachael Rivera,221
Karen Collier,91
Autumn Cook,111
Katherine Price,359
Vincent Neal,198
Tom Miller,240
Clarence Peterson,219
Anthony Griffin,303
Jeffery Wilcox,321
Ann Wilkerson,243
Dylan Berry,297
Leonard Smith,53
Christopher Williams,415
Evan Moore,62
Kayla Gates,438
Joshua King,451
Shannon Chen,235
Craig Gonzalez,437
Andrea Cooper,289
Katherine Mckay,91
Kristina Smith,113
Jeremy Stone,478
Mary Huber,193
Terry Wilson,383
Raymond Fernandez,393
Faith Ross,414
Laura Buck,178
Amy Arias,161
Kathleen Hanson,467
David Campbell,258
Timothy Parker,386
Daniel Walker,136
Connie Lewis,263
Jessica Barker,344
Jenna Taylor,465
Christine Coleman,133
Ryan Coleman Jr.,408
Alisha Becker,85
Michael Williams,407
John Copeland,227
Joseph Sexton,498
Michelle Kelley,224
Dustin Wagner MD,320
Adam Kidd,395
Barbara Hill,431
Amber Lopez,82
Tamara Powell,306
Ryan Kelly,65
Tammy Thornton,127
Lisa Garcia,84
Mary Brown,280
Vincent Smith,275
Marc Riley,116
Steven Davenport,213
Richard Adams,425
Jody Reeves,192
Katie Bell,85
Jeffery Dean,290
Tracy Gutierrez,212
Daryl Morton,331
Anthony Mccann,119
Kayla Stevens,166
James Nguyen,340
Jessica Sanders,307
Juan Rose,217
Lisa Leblanc,228
Kevin Rhodes,182
Mrs. Erica James,314
Caitlin Wilson,241
Scott Johnston,73
Jennifer Benjamin,479
Jeff Herring,418
Andrew Le,329
Jeremiah Cunningham,407
Christina Martin,488
Ryan Jones,385
Jennifer Anderson,449
Blake Brown,317
Cameron Smith,208
Sara Becker,485
Daniel Greene,316
Derek Murphy,211
Michael Brown,141
Michelle Jones,265
Paul Ramos,76
Brian Gardner,152
Judy Frazier,443
Albert Garcia,72
Betty Morales,255
Pamela Smith,308
Tracy Buck,483
John Miller,147
Christopher Robertson,392
Gina Cole,442
Michael Flores,178
Kenneth Mccoy,225
Luis Singh,349
Mr. William Eaton,253
Randy Chapman,454
Melissa Copeland,429
Steven Jones,492
Edward Park,439
Christopher Sawyer,66
Sarah Roberts,103
Courtney Anderson,409
Samuel Nelson,389
Cody Curtis,114
Anna Hansen,86
Joe Miller,246
Jack Shepherd,398
Kristen Ray,58
Shirley Espinoza,206
Sarah Jones,92
David Oconnell,428
Rachel Robbins,376
Ronald Moses,79
Lee Frazier,261
Michael Sanchez,340
Karen Howard,302
Andrew Mccann,293
Nicholas Potts,467
Mark Lee,409
Lisa Simmons,226
Robert Warren,338
Stephen Davis,186
Daniel Munoz,212
Brenda Mcmillan,334
Jason Robinson,90
Linda Rich,340
Dustin Conrad,452
Stacy Bradley,177
Kelly Barker,429
Amber Leonard,193
Julia Miller,375
Rachel Wallace,208
Caitlin Jones,253
Pamela Vaughn,115
Brooke Gomez,57
Jack Vasquez,441
Alice Franco,427
Tammy Barker,471
Gloria Hess,291
Adrian Rodriguez,137
Luis Green,347
Dr. Rhonda Fritz,351
Brandon Perry,220
Sherry Gentry,355
Brian Woods,441
Lori Johnson,337
Seth Martin,480
Megan Williams,398
Carla Cook,356
Juan Fischer,380
Jacqueline Molina,344
Elizabeth Price,378
Dave Snyder,146
Brad Hernandez,56
Chad Murphy,342
Katherine Evans,271
Jeffery Gray,423
Melissa Williams,364
Erica Woods,470
Alicia Parker,98
Zachary Graham,330
Sydney Allen,98
David Foley,362
Danielle Leon,253
Amy Walters,406
Kenneth Mendez,356
Ashley Harmon,484
Kelly Edwards,433
Alexis Walker,162
Alexis Miller,75
Tammy Watkins,206
Jesse Swanson,432
Richard Lara,165
Stephen Parks,371
Daniel Hernandez,392
Alicia Crawford,133
Cynthia Lynch,258
Alexandra Shepherd,169
Steven Davis,67
Erica Scott,281
James Taylor,316
Lisa James,317
Chad Allen,204
Mr. Christopher Massey,474
James Sweeney,135
Lydia Chandler,349
Laurie Singh,349
Steven Mendoza,114
Luis Greene,317
Kelly Reed,171
Gabriela Rose,154
Ana Perez,409
Lauren Velez,157
Rickey Garcia,189
Marcus Lewis,484
Alyssa Rojas,103
Shawn Owen,55
Chelsea Diaz,163
Barbara Reed,331
Todd Harper,486
Bruce Moore,62
Meghan Thomas,481
Dr. Elizabeth Le,289
James Jacobs,236
Crystal Robinson,327
Erica Russell,225
Amy Green,403
Stacey Dodson,184
Samantha Meyer,69
Kristina Meyer,247
Kara Johnson,365
Susan Alvarado,184
Thomas Mitchell,55
Daniel Riggs,183
James Hall,499
Erin Perez,452
Christopher Williams,493
Francisco Jones,370
Renee Park,395
Valerie Ellis,303
Cory Day,52
Jason Cooper,165
Brittney Wilkerson,291
Patricia Burton,233
Victoria Morris,426
Deborah Singh,80
Richard Ward,301
Taylor Little,273
Jordan Allen,449
Heather Simpson,433
Ebony Norton,257
Devin Lopez,98
Holly Smith,342
Robert Thomas,179
Joel Bennett,349
Victor Maldonado,313
Denise Chandler,124
Brian Gutierrez,372
Jessica Stevenson,288
Nicholas Wall,493
Stephen Wilson,279
Mary Gaines,434
Rachel Gardner,312
John Anthony,294
Frederick Lopez,407
Ricky Collins,121
Kenneth Fowler,162
Cynthia Horton,229
Joshua Lara,348
Jason Moore,328
Victoria Castro,123
Whitney Curtis,52
Holly Barrera,239
Mackenzie Thornton,331
Glenn Ward,278
Shelby Turner,492
Wayne Clements,113
Kendra Sims,263
Wendy Wilson,307
Robert Medina,339
Dr. David Parker MD,363
Wyatt Miller,150
Danielle Higgins,330
Jonathon Hunt,64
Shari Smith,141
Tammy Mack,470
Juan Austin,76
Holly Armstrong,483
Samuel Ibarra,229
Heather Watson,131
Dr. Timothy Tanner,222
Amanda Cline,58
Mark Shannon,266
Sean Heath,432
Martin Adams,275
Trevor Little,296
Jennifer Brown,273
Scott Ross,432
David Munoz,244
Maureen Hernandez,240
Ricky Phillips,305
Tara King DVM,172
Justin Thompson,202
Justin Martinez,253
Erika Harmon,157
Michael Sellers,126
Chase Mitchell,294
Christopher Allen,482
Nicole Roach,270
Darren Robinson,489
Ann Ward,409
Raymond Welch,498
Thomas Richards,271
Robert Simmons,433
Jessica Johnson,206
Kenneth Coleman,73
Frank Burns,165
Emily Garner,341
Laura Norris,67
Billy Byrd,284
Gordon Todd,452
Nicole Dudley,152
Ricky Swanson,120
Renee Buck,152
Manuel Cummings,465
Anthony Mccullough,172
James Watson,114
Molly Huff,470
Alexander Schneider,449
Sydney Gonzales,346
Alexander Hines,413
Cheryl Decker,166
Julie Forbes,490
Patrick Gray,78
Jeffrey Lawson,296
Kelly Alvarez MD,240
Candace Payne,443
Clayton Harrison,276
Gregory Rowe,398
Mr. Jonathan Wilson DDS,169
Laura Johnson,243
Susan Armstrong,400
Lisa Nichols,416
Joshua Thompson,343
Hannah Ellison,416
John Morales,410
Emily Massey,285
Stephanie Bautista DDS,483
Bethany Dickerson,365
Tony Guzman,211
Jennifer Blanchard,86
Kelly Martin,309
Katherine Mitchell,381
Anthony Camacho,354
Mark Carpenter,146
Francisco Robinson,212
Larry Fields,189
James Nguyen,331
Kenneth Huber,398
James Jones,144
Erica Johnson,472
Amanda Barnes,259
Kaylee Marshall,59
Nicholas Castro,426
Brittany Hayes,53
Kylie Johnson,106
Jeffrey Carter,91
Kayla Ingram,72
Michael Gibson,200
Roger Carlson,193
Robert Simpson,95
Leslie Jackson,60
Phyllis Green,215
Craig Cooper,107
Jessica Faulkner,158
Christopher Vega,432
Jonathan Cox,479
Suzanne Miller,197
Barbara Hunt,179
Kimberly Frazier,160
Jennifer Allen,360
Aaron Pacheco,94
Justin Rodgers,380
Brianna Harris,54
Sean Barber,280
Samantha Moreno,140
Laura Hall,92
Michael Foley,368
Lisa Lewis,412
Adriana Petty,208
Matthew Page,389
Michael Fox,183
Michael Schultz,398
Paul Silva,160
Cynthia Flores,364
Michelle Edwards,472
Bradley Harris,486
Anna Cervantes,460
Thomas Brewer,179
Allison Shaw,317
Nicholas Williams,83
Christine Smith,119
Zachary Beltran PhD,312
Kenneth Cannon,309
Jamie Cervantes,393
David Valdez,260
Brandon Williamson,276
Robert Crawford,458
Sarah Liu,249
Joseph Reese,120
Kristie Ray,283
Frank Li,476
Micheal Brown,297
David Barrera,141
Andrew Rangel,450
Jeffrey Huff,227
David Morales,400
Kellie Daniel,312
Lauren Tucker,298
Cathy Wolf,309
Robert Thomas,492
Daniel Horn,132
Noah Santiago,356
David Palmer,251
Mark Fernandez,442
Joseph Pollard,249
Michelle Duarte,362
Emily Johnson,484
Adam Stuart,464
Jeanette Hartman,429
Christopher Becker,362
Mr. Ryan Cruz,72
Jason Johnson,469
James Ochoa,103
Charles Lee,126
Pamela Howe,186
Morgan Flynn,303
Nicholas Duran,409
George Hendricks,113
Johnny Fuentes,309
Courtney Mccoy,175
Dr. Michael Sanchez MD,142
David Morales,156
Brianna Combs,424
Nathan Evans,309
Mark Jenkins,266
Ashley White,391
Roy Thomas,348
Debra Anderson,250
Tammy Cole,382
Donna Mclaughlin,84
Patricia Taylor,164
Autumn Dunn,67
Michael Bradley,252
Karen Young,73
Destiny Marsh,366
Lori Middleton,81
Brian May,466
Ernest Bates,113
Lisa Howell,380
Joseph Smith,392
Ricky Roberts,476
Edgar Wilson,449
Briana Keller,63
William Jones,102
Jacob Guerrero,180
Amy Quinn,166
Anthony Travis,100
Jeffrey Matthews,84
Scott Knight,333
Sharon Horton,171
Anthony Bailey,112
Joseph Smith,352
Matthew Sanders,233
Aaron Brown,51
Mark Orr,248
Beth Miller,133
Joanna Reynolds,197
Sarah Rice,129
Jeffrey Miller,323
Leonard Hogan,496
Valerie Dalton,365
Jacob Jones,123
James Perez,419
Tara Kane,417
Kimberly Young,191
Edward Goodman,393
Corey Diaz,230
William Oconnor,234
Denise Vance,297
Tiffany Wilson,152
Katie Mendoza,325
Ashley Garcia,88
Michael Russell,236
Christina Bonilla,156
Julie Davis,297
Jessica Floyd,263
Haley Watson,448
Matthew Frazier,300
Jamie Martin,411
John Clark,409
Christopher Padilla,60
Robin Smith,175
Raymond Murphy,226
Darrell Ramos,199
Wendy Coleman,383
John Valdez,418
Sean Wells,180
Emily Simpson,462
Brent Meza DDS,234
Michael Sims,50
Benjamin Sanders,372
Courtney King,87
Ryan Carroll,480
Karen Wallace,260
David Oconnor,205
Ebony Cortez,412
Tony Lopez,64
Chad Avery II,119
Jorge Lopez,387
Elizabeth Salazar,388
Stephanie Rivera,468
William Reid,86
Christopher Johnson,242
Tina Maxwell,66
Gary Parker,497
Angela Harrell,465
Dale Porter,199
Warren Wright,374
Scott Young,413
Jason Davis,135
Michael Graham,178
Kelly Valencia,135
Joshua Riley,302
Michael Irwin,420
Mr. Troy Jones,53
Jordan Taylor,241
Ashley Duke,473
Haley Barnett,490
Michelle Marshall,389
Dennis Jackson,394
Jacob Lawrence,435
Mary Patterson,176
Kenneth Norris,102
Beverly Warner,172
David Duran,398
Nathan Moore,216
Aaron Fisher,312
Sandra Matthews,461
Brian Lee,369
Evelyn Edwards,321
Jeremy Jarvis,421
Mary Smith,319
Mark Harrison,105
Meagan Taylor,75
Calvin Morgan,225
Natalie Rivera,380
Melissa Carroll,183
Erica Wade,82
Katie Cardenas,292
Patricia Mcintyre,402
Martha Hudson,76
Joseph Obrien,290
Erica Stephens,433
Mr. Johnny Williams,295
Zoe Smith,83
Chad Friedman,269
Samuel Simon,141
Cheryl Richards,167
Melissa Mcgrath,54
Lisa Henderson,488
Julie Ortega,470
Jonathan Espinoza,310
Jose Juarez,474
Latoya Alvarez,390
Jennifer Hays,391
Rebecca Miller,427
Isaac Gutierrez,88
Kathy Zimmerman,327
Kelly Smith,130
Mary Martinez,304
Mario Kelley,471
Bill Lutz,90
Stephanie Gould,248
David Hurst,216
Stephanie Thomas,275
Ashley Mercado,471
Robert Ward,343
Patricia Brooks,312
Jeffrey Peterson,132
Angela Gray,467
Lance Watson,365
Terry Zamora,165
Mr. Michael Gray,174
Teresa Thompson,312
Donald Thompson,438
Kelly Griffin,127
Denise Garcia,354
Martin Doyle,411
Anthony Le,431
Breanna Smith,431
Alex Herman,250
Kevin Moyer,252
Erica Owens,246
Tammy Carpenter,95
Amanda Barrera,274
Lisa Williams,423
Lauren Davis,431
Lindsay Young,404
Mark Stone,412
John Lewis,353
Emily Whitehead,294
Michael Fuller,493
Kimberly Mcmillan,88
Michele Peterson,248
Rhonda Smith,452
Jaime Jones DDS,305
Cynthia Williams,343
Lisa Freeman,377
Ryan Jacobs,154
Erika Green,63
Christine Lee,268
Sandra Torres,472
John Horn,173
Jaime Powell,348
Elizabeth Myers,305
Charles Nelson,88
Kelsey Krueger,53
Daniel Gibbs,438
Jeffery Perkins,302
Katherine Walker,334
Curtis Todd,427
Peter Hicks,400
James Strong,478
Julie Robinson,205
Kimberly Bell,462
Antonio Garcia,438
Gregory Johnson,410
Mr. Wayne Fletcher II,476
Robert Brown,422
Holly Stevens DDS,224
Katie Mahoney,481
John Howell,142
Roger Romero,50
Sarah Parks,278
Karen Andrews,461
Jody Myers,126
Ryan Brown,413
Stacey Haynes MD,392
Dylan Nicholson,81
Keith Perkins,93
Ian Cooke,317
Lori Howard,200
Stephen Pennington,114
Kevin Ross,499
Danielle Holmes,481
Katie Leonard,484
Stephen Green,171
Aaron Roberts,253
Melissa Kelly,338
Dylan Bryant,333
Patricia Kelly,71
Teresa Stephens,424
Tiffany Ward,287
Yesenia Holloway,361
Jennifer Leach,184
Kyle Smith,489
David Diaz,61
Edwin Garner,154
April Walker,471
Mr. Brandon Mayer,444
Dustin Silva,455
Justin Rodriguez,175
Peter Nelson,155
Michael Adams,276
Benjamin Velez,343
Deborah Stokes,438
Michelle Gutierrez,460
Tammy Schultz,487
Heather Trujillo,332
Ariana Vazquez,136
Holly Wolf,459
Logan Curtis,313
Richard Snyder,418
Matthew Elliott,208
Jessica Perez,219
Adrian Reilly,357
Katie Dyer,172
Heather Buckley,371
Cameron Johnson,217
Cassandra Beard,252
Andrea Jones,214
Timothy Collins,494
Benjamin Lopez,253
Michael Wilson,154
Audrey Perez,104
Amber Leon,317
Beth Cruz,86
James Richard,316
Jamie Lawson,360
Sherry Simpson,379
Deanna Lara,112
Danielle Moore,192
Shelby Decker,385
Colton Bauer,113
Eileen Richmond,157
Ricardo Morrison,58
Angela Turner,198
Sylvia Curtis,255
Ellen Torres,180
Kaitlyn Warren,408
Christopher Brown,301
Kelly Harris,191
Jill Robinson,442
Rose Diaz,154
Donna Woodard,151
Caroline Davis,397
Jessica Trevino,476
Eric Sullivan,479
Teresa Phillips,345
Anthony Harmon,117
Kelly Davies,483
Shawn Cannon,225
Karen Holloway,270
Cody Marshall,222
Joseph Baker,254
Patrick Byrd,448
Cheyenne Bowers,318
Mr. Andre Ruiz MD,179
Charlotte Brown,83
William Becker,333
Wendy Thomas,87
Tabitha Howard,202
Michelle Obrien,398
Rachel Smith,128
Curtis Jones,92
Ryan Rivera,116
Ethan Rhodes,180
Anthony Campos,343
Derek Johnson,457
Dennis Gill,470
David Johnston,403
Jacqueline Price,277
Craig Michael,141
Sean Hayes,134
Gregory Jackson,262
Tiffany Turner,483
Cassandra Vang,240
Terry Keith,488
William Crawford,399
Christian Williams,267
David Rodriguez,365
Jesse Williams,460
Patricia Barry,96
Michael Moore,363
Mary Rogers,70
Erica Moore,191
Vanessa Ray,304
Alexis Vasquez,170
Christopher West,359
Mary Washington,168
Kimberly Chapman,236
Jeffery Williams,157
Joy Russell,118
Timothy Floyd,381
Dr. Katie Collins DDS,396
Sherry Johnson,458
Eric Garrett,72
Andrew Smith,109
Susan Russell,113
James King,74
Joyce Hall,375
Holly Kim,345
Lisa Keller,179
Dustin Little,464
Mindy Dunn,60
Joseph Smith,161
Charles Lopez,156
Kirk Martin,461
Ryan Carter DVM,151
Mrs. Carol Sanders DDS,363
Ralph Arnold,308
Francisco Carpenter,215
Linda Carson,364
Jay White,456
Melissa Russell,150
Alexandria Walls,120
Jennifer Wilson,211
Sarah Thornton,154
Victoria Pham,297
Michael Palmer,475
Benjamin Valdez,249
Amanda Friedman,473
Laura Jones,184
Chelsea Johnston,469
Philip Garcia,485
Christina Larsen,471
Gregory Johnson,139
Joshua Green,266
Peter Cooper,440
Scott Leblanc,384
Andrew Arias,68
Wayne Kelley,170
Harold Griffin,492
James Burgess,329
Joshua Valentine,498
Eric Hickman,216
Thomas Mayo,250
John Walker,179
Cynthia Gonzalez,480
Renee Howell,160
David Wolf,312
Veronica Hall,297
Amber Robinson,232
Jennifer Andrade,190
Leslie Howe,373
Daniel Haney,159
Kim Hayes MD,154
Brandon Sandoval,448
James Knight,247
Paul Cuevas,327
Michael Bailey,385
Jim Gibson,460
Cynthia Adams,209
Keith Hill,442
Edwin Webb,443
Taylor Richardson,417
Allison Aguirre,257
Brandon Lewis,326
Steven Baker,234
Jamie Davis,159
Laura Davis,272
Melvin Tran,160
Daniel Woods,287
Taylor Brown,357
Patricia Neal,267
Nicole Ward,383
Terry Bryan,327
Dennis Orr,68
Anthony Smith,114
Jack Long,353
Mr. Joshua Carter,50
Jill Silva,378
Krista Wright,214
Jennifer Bennett,108
Thomas Farrell,268
Lisa Anderson,493
Kenneth Walker,100
Shelly Baker,437
Yvonne Villa,387
Steven Taylor,170
Peter Mccann,94
Melissa Reynolds,303
Alexander Patterson,320
Tracey Bishop,390
Victoria Ramos,205
Bonnie Martin,221
Kayla Brown,168
Julie Sims,104
Jack Harris,288
Casey Benjamin,90
Cynthia Leblanc,166
Jennifer Franklin,182
Lisa Glover,488
Steven Gardner,170
Tiffany Williams,226
Sandra Taylor,99
Anthony Rose,415
Andrew Cannon,347
Todd Henderson,470
Geoffrey Franklin,266
Andrea Jones,69
Steven Hamilton,64
Hayley Cohen,181
Curtis Smith,377
Cassandra Nunez,242
Thomas Olson,339
Joy Villegas,398
Nicholas Vance,358
Timothy Walker,230
Jonathan Burnett,201
Mrs. Sandra Wilson,493
Rebecca Taylor,373
Rebecca Bell,414
Tracy Romero,149
Daniel Roberts,191
Gina Nelson,347
Jennifer Warner,232
John Young,282
Melissa Moore,146
Megan Fleming,205
Christina Nguyen,265
Elizabeth Ray,225
Steven Ferrell,198
Joseph Vasquez,186
Sharon Mendez,189
Kim Robinson,265
Michele Edwards,486
James Baker,460
Larry Smith,309
Tony Stewart,104
Joshua Mullen,292
Timothy Davis,244
Laura Gonzales,112
Raymond Mendez,84
Jeffrey Ward,331
Russell Hampton,219
Karen Hoffman,275
Eric Clark,383
Todd Ramirez,206
Karen King,318
Charlene Mccoy,467
Brandon Molina,243
Michael Villarreal,300
David Strong,376
Frederick Porter,248
Suzanne Singh,146
Cassandra Mckenzie,83
Suzanne Carson,408
Brian Wallace,348
Kirk Adams,303
Isaac Thomas,171
Jesse Fox,197
Daniel Perry,230
Laurie Cline,270
Sheila Sanchez,496
John Jackson,442
Dr. William Jensen,177
Heather Sullivan,372
Melissa Mills,393
Krista Wolf,272
Mary Smith,59
Robert Frederick,270
Marie White,441
Ashley Maynard,219
Jeffrey Martinez,63
Michelle Higgins,295
Abigail Clements,354
Nicholas Patterson,354
Benjamin Smith,94
Nicholas Green,119
Kimberly Serrano,58
Robert Ryan,449
Katie Warner,295
Allison Diaz,111
Kaitlyn Henderson,406
Jonathon Kane,493
Kelly Moore,248
Renee Williams,381
Nicole Pittman,68
Lisa Perez,495
Keith White,364
Clinton Baldwin,492
John Owens,235
Shannon Rose,218
Mark Potts,61
Jason Arnold,462
Michael Diaz,287
Janet Coleman,410
Jeffrey Johnson,363
Teresa Harper,86
Lindsey Hurley,133
Rebecca Wright,77
David Kelley,407
Nathan Peterson,259
Glen Walker,108
Regina Gibson,237
James Matthews,352
David Kent,114
Nancy Jackson,205
Lisa Jensen,130
Amanda Waters,313
Crystal Padilla,143
Laura Price,119
Emily Turner,371
Daniel Payne,132
Anna Davidson,173
Ronald Pugh,422
Ashley Ramirez,280
Kelsey Ross,260
Seth Mathews,336
Sarah Garcia,488
Christopher Gonzales,129
Sara Simmons,480
Mark Hill,145
Michael Sellers,449
Michael Walsh,106
John Anderson,298
Dr. Henry Ross,125
Stacey Larson,335
Jeffrey Young,168
Christopher Cohen,79
Jesse Brown,55
Hannah Maynard,328
Rhonda Downs,338
Travis Larson,182
Gregory Rodriguez,450
Scott Oneal,487
Daniel Pitts,432
Michael Warren,246
Jessica Wilson,463
Jamie Simpson,114
Mr. Blake Lambert Jr.,336
Monique David,347
Mr. Brian Figueroa MD,328
Cheyenne Carlson,375
Jacqueline Brown,485
Karen Coleman,248
Crystal Bates,283
Sheryl Hansen,286
Dustin Moore,324
Joanna Shannon,98
Tiffany Chavez,121
Emily Castillo,211
Michael Jackson,123
Victor Rivas,317
Maria Mcguire,482
Grace Johnson,189
Noah Golden,480
Randy Patton,53
Taylor Smith,107
Sandra Gray,197
John Peterson,474
John Myers,200
Derrick Ellis,369
Juan Espinoza,466
Roy Jackson,77
Michelle Anderson,224
Tammy Sloan,432
Dominique Day,183
Rachel Griffin,281
Christina Harris,251
Michael Daugherty,83
Tiffany Johnson,385
Michelle Estrada,353
John Larson,347
Jeffrey Haney,375
Ryan Merritt,473
Teresa Green,178
Christine Taylor,291
Jasmine Horn,130
Maureen Moody,407
Joseph Green,238
David Mckinney,70
Alexander Reed,370
Levi Cook,361
Anthony Howard,484
Garrett Wang,351
Andre Gregory,58
Joanna Cuevas,252
Emily Frye,477
Dylan Mack,458
Jacob Mills,477
Joseph Price PhD,397
Marcus Esparza,410
Laura Rose,251
James Delacruz,247
Brenda Mason,107
Joseph Ross,406
Kimberly Meyer,229
Taylor Gonzalez,359
Robert Bates,76
Brian Morales,387
Luis Walton,207
Erica Espinoza,262
Jonathan Lewis,152
John Hebert,212
Sarah Leon,253
Amy Padilla,448
Tony Rose,365
Sarah Sanders,152
Jackson Dean,402
William Ryan,80
Tony Black,134
Andrea Doyle,343
Donna Cruz,120
Alyssa Brown,305
Eric Riley,500
Adrienne Moore,375
Mr. Kevin Weaver DVM,410
Patricia Black,274
Jason Warner,131
John Pierce,59
Monica Nguyen,90
David Bailey,237
Gary Wolfe,279
Patricia Hayes,282
Amy Norris,307
Allison Gonzales,209
John Harris,117
Brian Roberts,123
Rachel Holland,370
Denise Salas,424
Erica Aguirre,217
Brianna Kim,408
Robin Jones MD,133
Dr. Sandra Allen,108
Shelly Johnson,110
Tyrone Cameron,68
Elizabeth Harvey,107
Mark Kane,315
Caitlin Morris,61
Eric Bolton,194
Ann Freeman MD,252
Mark Simon,351
Kristina Willis,416
Daniel Chambers,130
Tasha Hall,479
Summer Watson,350
Thomas Meyer,277
Megan Farrell,211
Elaine Parks,268
Melanie Rodriguez,202
Aaron Smith,237
Jessica Reese,434
Jessica Martin,420
Lynn Green,170
Jacqueline Campbell,134
Jeffrey Dean,252
Joseph Martin,398
Kristy Bentley,115
Samuel Watkins,493
Kevin Barrett,457
Kimberly Chavez,113
Brian Townsend,190
Andrea Rocha,454
Christopher Arnold,123
Sherry Shannon,283
Jacob Jones,130
Mrs. Angela Hansen MD,98
Michael Johnson,115
Stephen Medina,394
Kristin Barnes,392
Stephanie Jones,449
Michelle Wade,144
Samuel Hood,150
Savannah Francis,424
Sue Long,191
Benjamin Schultz,213
Matthew Cummings,478
Gina Solomon,344
Isaac Bell,52
Breanna Johnson,166
Victoria Salazar,348
Daniel Hayes,476
Gary Moore,333
Alexandra Mckenzie,113
Deborah Thornton,88
Paul Brown MD,369
Norman Shea,86
Erin Reynolds,361
James Reed,213
Dorothy Riley,487
Walter Miller,229
Jeffrey Gray,407
Timothy Reynolds,449
Andre Wilson,447
Brenda Douglas,109
Chad Rodriguez,215
Jasmine Williams,149
Eduardo Valencia DDS,332
Richard Burke,486
Jacqueline Green,458
Matthew Wilkins,339
Katie Rodriguez,241
Kristen Peterson,172
Eric Price,322
Cynthia Brown,312
Adam Williams,55
Thomas Blake,143
Amy Clark,351
Tracey Wagner DDS,72
Ronald Jones,134
Carol Graves,98
Mary Lee,406
Mckenzie Park,239
Keith Webb,85
Heather Lane,394
Mark Luna,472
Mrs. Michelle Mcguire MD,275
Laura Watson,456
Caitlin Allen,161
James Williams,373
Bryan Atkinson,233
Michael West,421
Paul Williams,440
Sarah Weber,341
Rachel Martin,137
Deborah Johnson,381
Robert Brooks,69
Tyler Adams,419
Derek Calhoun,484
Alyssa Spencer,402
Randy Rodriguez,337
James Nelson,495
Alexander Greer,410
Bruce Macdonald,403
Leslie Aguilar,494
Andrew Graham,142
Barbara Taylor,59
Vanessa Golden,398
Kelsey Washington,431
Jason Allen,95
John Jenkins,98
Suzanne Key,491
Paul Jones,366
Miss Tiffany Baldwin DDS,204
Richard French,386
Cynthia Lee,56
Douglas Scott MD,350
Erika Li,268
Amy Tran,449
Lori Harris,84
Jennifer Robinson,439
George Smith,240
David Santana,327
Robin Bowers,339
Sarah Hardy,487
Steve Dawson,245
Donna Salazar,306
Juan Hayes,63
Debra Ortega,142
Christopher Gutierrez,393
Steven Montgomery,474
David Morgan,428
Thomas Gomez,147
Nathan Stevens,418
Julie Mercado,209
Zachary Kelley,259
Lisa Williams,463
Christopher Ryan,181
Brian Pope,270
Jason Tran,172
Kevin Watson,366
Tracy Francis,114
Jeffrey Hess,100
Lisa Delgado,307
Heather Mendoza,341
Victoria Everett,365
Aaron Price,366
David Melton DDS,388
Ann Cantrell,192
Edward Guzman,230
Elizabeth Gould,164
Kelsey Solis,357
Michelle Foster,361
Hector Callahan,318
Nicole Ramos,340
Anthony Rodriguez,251
Paula Boone,372
Melissa Norton,247
Tammy Diaz,270
William Smith,333
Kari Thomas,211
Maria Brown,185
Nicholas Silva,466
Kerri Hansen,251
Vincent Hughes,145
Michelle Miller,195
Carolyn Gardner,195
Carmen Powell,365
Albert Jacobs,274
Marc Zimmerman,133
Meghan Williams,356
Holly Lawrence,259
Alicia Flores,162
Ricky Henderson,491
Steven Howell,75
Danielle Lopez,159
Cheryl Huber,278
Katherine Reyes,104
Chelsey Bell,252
Joel Sims,488
Justin Wilson,465
Patricia Rich,438
Christie Sutton,465
Matthew Matthews,426
Erica Bell,435
Amanda Smith,53
Eric Robertson,74
Marcus Reid,365
Heather Walker,420
Mark Best,238
Jessica Lee,52
Clinton Jackson,179
Michael Lee,469
Pamela Diaz,397
Robert Williams,313
Rebecca Morgan,351
Amy Dalton,279
William Bradley,51
Carrie Wolfe,308
Robert Young,193
Brent Moody,169
Andrea Dominguez,274
Kylie Brandt,413
Jacqueline Hansen,239
Amy Bennett,324
Zachary Brown,246
Eduardo Davidson,313
Cynthia Atkinson,254
Stephen Gardner,83
Amy Miller,398
Mary Ramirez,143
Maria Wood,248
Alejandra Chan,120
Bryan King,121
Christopher Booth,272
Vanessa Ruiz,309
Christopher Hill,401
Erica Johnson,129
Colleen Day,339
Yolanda Hill,449
Ashley King,62
Brent Hansen,249
Anthony Riley,341
Chelsea Lewis,310
Mandy Davidson,384
Tommy Acosta,495
Brittany Scott,204
Cheryl Guerra,454
Felicia Levy,355
Lisa Thomas,140
Katherine Gonzalez,114
Judy Burch,267
Matthew Walker,235
Beth Williams,167
Maria Benitez,74
Sandra Liu,277
Shannon Morris,79
Kimberly Howard,306
Richard Keith,210
Connie Moore,183
Mark Young,134
Mrs. Amy Gates,360
Richard Torres,61
Jill Patel,343
Mark Martin,165
Krystal Jones,356
Jeffery Noble,203
Mario Larson,263
Victoria Cox,279
Steven Harris,186
Linda Wagner,233
Thomas Maxwell,110
Brandi Haley,496
Kimberly Ward,477
Andrea Rivera,362
Warren Watts,146
Dawn Martinez,415
Randy Vance,377
Dustin Barker,418
Lisa Nguyen,313
Christopher Randolph,385
Dustin Hudson,235
Morgan Lucas,75
James Holmes,422
Danielle Allen,116
Mr. Jared Dunlap,125
Kyle Martinez,111
Mr. Daniel Walters MD,149
John Giles,186
Angela Patterson,481
Alexandria Strickland,87
Bethany Brown,364
Travis Sanchez,216
Monica Newton,493
Jason Mathews,137
Yolanda Carter,262
Hannah Davis,121
George Soto,409
Ashley Proctor,93
James Vargas,311
Kimberly Savage,296
Terri Lee,188
Rebecca Parker,213
Michele Sanchez,254
Melissa Smith,105
Chase Garrett,93
Roberta Gonzalez,274
Michael Gould,187
Stephanie Deleon,131
Amy Church,100
Jennifer Griffin,195
Denise Bush,422
Hector Gomez,130
Christian Graves,358
Ashley Martin,428
Elizabeth Boyd,219
Paul Patterson,132
James Lopez,486
Karen Duke,254
Eric George,301
Amy Williams,64
Brandon Burke,329
Michelle Kelly,207
Nicholas Stanley,476
Randy Miller,382
Eric Burch,475
Natasha Flores,395
Michael Simon,134
Larry Scott,122
Dr. Shawn Campbell DDS,292
Leslie Hawkins,374
Debra Dawson,304
Erik Wells,236
Emily Estes,240
Jamie Richmond,469
Desiree Adams,70
Brandon Hurley,313
Henry Mckinney,358
Holly George,75
Jonathan Delacruz,198
William Warren,124
Richard Bennett,168
Jason White,79
Benjamin Hill,188
Maria Valdez,373
David Lewis,130
Stephen Hubbard,75
David White,281
Amy Young,389
Kristen Yang,180
Keith Hart,148
Jacqueline Walsh,233
Mark Castro,376
Zachary Palmer,164
Christina Gray,189
Bryan Davis,345
John Walter,212
Melissa Rodriguez,108
Carrie Jones,313
Rachael Perez,452
Jacob Scott,152
Dominique Williams,176
Tara Parks,447
Monique Kim,348
Jacqueline Nelson,247
Christy Simmons,257
Veronica Green,361
Molly Graves,312
Nancy Wilkerson,472
Sarah Willis,387
Rhonda Torres,410
Amber Patel,438
Stacy Christian,79
Joseph Berger,157
Andrew Morales,433
Douglas Rice,204
Wesley Barry,142
Jacob Solis,483
Gregory Johnson,307
Steven Carter,349
Luis Rivera,216
Tiffany Adams,133
Anna West,161
Kevin Skinner,467
Robyn Ross,498
Maria Wilson,193
Jordan Duffy,250
Matthew Griffin,323
Michael Brennan,249
Michael Mason,199
Colton Johnson,445
Kimberly Price,296
Jennifer Wagner,255
Daniel Liu,420
Joel Ponce,66
Jacqueline Mccoy,65
Nancy White,339
Denise James,75
Karla Snyder,445
Cathy Hall,198
Mark Mckenzie,260
Brian Nguyen,252
Michael Lopez,203
Bruce Daniels,51
Deborah Lynch,472
Matthew Abbott,178
Guy Best,309
Olivia Medina,317
Michael Herrera,118
Angela Bender,154
Amy Johnson,304
Samantha Taylor,465
Rebecca Baldwin,488
Martin Levine,179
David Wilson,469
Daniel Navarro,452
David Sandoval,413
Dana Hamilton,416
Bradley Hawkins,213
Jill Dyer,226
Charles Miller,160
Mark Perez,52
Jacqueline Gonzales,109
Stephanie Shaffer,310
Linda Odom,300
David Woods,215
Anna Barnes,307
Derek Wang,363
Joseph Cox,312
Jessica Wilkins,67
Rebecca Wells,372
Seth Cobb,405
Kristina Blackburn,415
Brendan Oconnor,491
Natalie Morgan,378
Anthony Baker,240
Samantha Morales,143
Carl Melendez,494
Kiara Torres,187
Bruce Adams DVM,420
William Carr,251
Jennifer Reilly,54
Martha Ross,221
Christina Schmidt,436
Carolyn Herring,290
Nicholas Carroll,401
Cindy Thompson,431
Manuel Jimenez,267
Paul Johnson,158
Alicia Ho,117
Ryan Hoffman,345
Charles Kelly,276
Scott Martin,167
Brian Austin,240
Ryan Johnson,66
Crystal Armstrong,337
Scott Walters,65
Michael Stanton,260
Megan Melendez,196
Sydney Johns,385
Kevin Nelson,344
Joshua Newman,381
Jordan Cox,372
Kathy Gonzales,226
Kevin Lambert,463
Zachary Montoya,413
Teresa Mendoza,337
Clayton Mitchell,377
Joan Bradford,459
Steven Mahoney,381
Dominique Martin,500
Gregory Parker,150
Michelle Salazar DDS,188
Mark Cooper,304
Brandon Reyes,177
Eric Garrison,441
Laurie Fisher,335
Frank Williams,214
Amy Whitaker,78
Jill Carlson,241
Jose Maynard,326
Michael Jennings,254
Michael Holder,445
Crystal Lopez,261
Sharon Burnett,240
Joseph Randolph,144
Darren Gray,129
Denise Wilson,72
Alexander Klein,442
Melinda Davis,373
Susan Becker,205
Peter Gomez,244
James Miller,268
Stephen Edwards,218
Kevin Jones,499
Monica Wall,70
Dr. Dana King,135
Allen Hall,198
Mr. Justin Todd,163
Kelly Henderson,451
Michael Davis,233
Jason West,131
Mario Avery,158
Mr. Carl Baker,334
Christine Dominguez,347
James Douglas,310
Dawn Brown,56
Brianna Young,149
Elizabeth Flores,295
William Cooper,421
Ariana Dean,379
Beverly Johnson,261
Juan Perez,231
Scott Jones,103
Brittany Gallagher,384
Luis West,348
Elaine Chavez,218
Christopher Hansen,55
Alicia Jones,229
James Adams,323
Timothy Nash,326
Thomas Krause,416
Terry Jordan,478
Tammy Rasmussen,258
Susan Ramsey,60
Travis Gordon,400
Richard Hayes,496
John Adams,101
Janet Phillips,182
Richard Wilson,212
Mary Martinez,196
Rachel Watkins,187
Chad Wallace,159
Taylor Mora,397
Kyle Gallegos,313
Sarah Jordan,69
Jonathan Blair,52
Beth Collins,420
Shane Price,311
Michael Armstrong,365
Joan Harper,472
Kevin Gillespie,322
David Wallace,318
Christine Werner,83
Sydney Moore,64
Regina Rodriguez MD,75
Vanessa Johnston,303
Carl Craig,229
Christopher Freeman,332
Lisa Williams,248
Paula Bailey,394
Jacob Johnson,123
Spencer Alexander,333
Michael Smith,247
Kayla Bailey,465
Mr. Thomas Nixon,268
Greg Hall,393
Ethan Griffin,451
Albert Franco,306
Melissa White,106
Erica Campbell,484
Jeremy Lee,492
Patricia Hamilton,148
Joseph Griffin,229
Kurt Mullen,138
Beth Johnson,61
James Martinez,348
Dr. Daniel Lynch,248
Spencer Ward,91
Marcus Davidson,445
Alex Bennett,377
Scott Lyons,453
David Marshall,142
David Avery,350
Antonio Hall,317
Matthew Johnson,410
Joseph Brown,444
Donna Hall,321
Nicholas Chavez,188
Christian Barrera,413
Dana Kelly,105
Melissa Garcia,369
Matthew Johnson,65
Jason Obrien,68
Deborah Coleman,370
Collin Rojas,432
Mrs. Jessica Castillo,247
Allison Griffin,225
Tyler Parker,427
Darius Baker,182
Nicole Gibson,300
David Castillo,371
Sara Foster,243
Willie Stein,499
Jennifer Johnson,370
Steve Decker,254
Stephanie Morton,457
John Hanson,497
Nicole Palmer,346
Troy Becker,282
John Brown,446
Madison Macias,377
Meghan Lambert,278
Brenda Phillips,472
Natalie Tran,183
Thomas Edwards,439
Angela Sanders,220
Michele Perkins,81
David Jones,421
Gerald Thomas,427
Donald Baker,167
Nicholas Barrett,230
Frank Martinez,255
Brian Bass,436
Lauren Duarte,397
Justin Juarez,430
Dylan Wells,325
James Rhodes,179
Jose Dennis,214
Robert Garrett,410
Jason Hart,52
Ryan Weber,143
Kelly Kirk,333
Mark Montes,225
Arthur Glass,215
Eric Sullivan,83
Mckenzie Ramirez,360
Samuel Bright,498
Travis Gonzalez,497
Christine Thomas,301
Terri Hayden,91
Amber Murray,247
Tiffany Brown,175
Mrs. Alyssa Ochoa,77
Daniel Lewis,380
Denise Burton,304
Ann French,282
Kaitlyn Wyatt,160
Samantha Miller,360
David Martinez,334
Tamara Murphy,407
Austin Scott,418
Jacob Ortiz,470
Carolyn Gates,454
Lance Henson,447
Erin Harris,487
Mr. Kenneth Smith,479
Kimberly Foster,287
Gregory Wilson,157
Mr. Matthew Wood DDS,215
Robert Flores,318
Ashley Warren,69
Aaron Tran,213
Jorge Vargas,363
James Miller,332
Ms. Catherine Hayes,454
Jack Sutton,493
Julie Webster,189
Nancy Robinson,295
Jennifer Alvarez,86
Cynthia Boone,441
Joe Mayer,431
Dr. John House,127
Melinda Orozco,278
Stephanie Cox,298
Brian Davis,492
Eric Cole,188
Matthew Spencer,128
Michael West,433
Brian Rowe III,316
Michelle Hernandez,306
Tracy Braun,323
Jason Baldwin,163
Linda Wall,427
Carl Jones,463
Cassandra Thompson,372
Robert Martin,301
Caroline Duncan,269
Derek Webb,369
Matthew Pitts,278
Francisco Rogers,264
Douglas Martin,279
Rose Lewis,128
Michael Horne,148
Curtis Johnson,227
Haley Harding,494
Lauren Reyes,116
Craig Savage,170
Richard Hall,468
Jonathan French,346
Tammy Conner,377
Brian Murray,481
Jesse Gutierrez,214
Jasmine Johnson,242
Michele Jacobs,97
John Porter,378
Linda Benson,66
Kylie Mason,393
Stephen Johnson,363
Donna Brown,262
Michelle Garcia,199
Paul Kennedy,390
Sharon Smith,242
Brian Thompson,449
Jessica Nelson,241
Jonathan Lee,276
Carol Underwood,180
Alexis Lutz,321
Karen Hanna,88
Sherri Warner,51
Theresa Carter,135
Richard Mcconnell,475
William Greene,468
Jeffrey Jones,465
Jennifer Walker,167
Debbie Perry,245
Elizabeth Stephenson,442
Rebecca Caldwell,58
Christine Newman,477
Christopher Mckinney,293
Darius Mack,283
Victor Carter,410
Ashley Garcia,473
Alicia Figueroa,329
Colleen Mathews,329
Andre Howard,373
Sarah Cortez,339
Nicolas Taylor,173
Kenneth Gonzalez,300
Colleen Alexander MD,67
Danielle Abbott,166
Peter Gomez,235
Patricia Waller,329
Nicholas Santos,297
Lori Blevins,170
Sarah Marks,455
Sandra Wood,351
Jackie Mann,463
John Moore,215
Brian Shields,428
Karen Peterson,337
Mrs. Mary Hardy,275
April Parker,488
Harry Alexander DDS,372
Kelly Cline,205
Rebecca Dalton,425
Marvin Lewis,435
Jim Moore,329
Cody Massey,447
Yvonne Flores,473
Timothy Hunter,284
Dennis Maddox,131
Michael Moore,77
Michael Arnold,93
Christopher Carter,481
Carolyn Lin,169
Joshua Jones,478
Kathleen Brown,90
Mr. Justin Morgan,295
Michael Parker,483
Jesse Doyle,81
Barbara Taylor,495
Richard Contreras,404
Lindsey Reyes,213
Elizabeth Burns,108
Grace Williams,487
Daniel Morrison,150
Sierra Gonzalez,274
Aaron Davis,74
Kathleen Newton,353
Amanda Washington,143
Christopher Grant,391
Carrie Wiley,174
Victoria Davis,321
Katie Perez DVM,150
Paul Mckee,115
Jordan Tapia,432
Denise Villa,308
Emily Wade,190
Teresa Wagner,332
Franklin Padilla,434
Pamela Hernandez,153
Mr. Jacob Hodges,201
Mandy Brown,105
Michael Lopez,168
Danielle Kelley,435
Jason Sloan,290
Michael Ryan,444
Christopher Graves,63
Caitlin Stephens,187
Greg Day,394
Barbara Robles,277
Reginald White,73
Justin Cameron DDS,302
Erica Sloan,382
Nathaniel Floyd,362
Jessica Daniel,170
Samantha Reid,232
Cynthia Ramirez,102
Rachel Sparks,119
Zachary Davis,216
Katherine Alvarado,108
Chelsey Lambert,464
Jaclyn Brown,357
Ricky Guzman,387
Elizabeth Barnett,409
Anita Miller,348
Daniel Cannon,474
Priscilla Nunez,268
Sarah Taylor,202
Aaron Pierce,359
Kenneth Garcia,246
Dennis Calderon,272
Bobby Hill,499
Douglas Mcintyre,217
Angela Underwood,215
Brittney Johnson,218
Megan Ortiz,148
Mr. Calvin Parsons,88
Angel Wright,437
Joseph Warren,248
Kevin Walters,102
Phillip Patel,238
Amber Brown,366
Ian Jackson,282
Angela Hunter,191
Mrs. Nicole Brooks,486
Angela Jenkins,347
Robert Barnes,222
Raymond Davis,100
Jennifer Schmidt,316
Charles Williams DDS,487
Katie Davis,83
Katherine Harris,266
Jeffrey Lee,105
Kimberly Rodriguez,113
Carolyn Davis,429
Christopher Burns,144
Troy Townsend,389
Trevor Thomas,340
Johnny Cross,354
Stephen Guerra,267
Mark Tucker,177
Jennifer Braun,345
Elizabeth Wilson,458
Edgar Schneider,354
Pamela Payne,139
David Singleton,51
Laura Gibson,468
Albert Mcbride,50
Joseph Hutchinson,88
Lisa Patel,172
Zachary Shelton,446
Allison Hubbard,198
Abigail Thompson,271
Brandon Ruiz,118
Christopher Long,240
Donald Williams,487
John Baldwin,182
Tricia Cisneros,76
Pamela Morgan,396
Jeffrey Sanchez,110
Karen Walker,412
Christopher Robinson,201
Joseph Watts,311
Candice Jones,381
Curtis Gallagher,425
William Parks,439
Gerald Alexander,442
Amy Mitchell,370
Angel Montgomery,211
Danielle Hamilton,462
Angel Adams,116
Kayla Evans,492
Ryan Powell,156
Brad Joseph,255
Denise Burnett,70
Sharon Knox,486
Maria Mclean,412
Rebecca Davis,488
Jason Winters,307
Carol Preston,175
Tammy Russell,311
Christopher Harmon DDS,210
Jessica Stanley,205
Jennifer Simon,435
Richard Smith,399
Felicia Ruiz,414
Cynthia Benson,160
Timothy Myers,290
Robert Moore,101
Brandon Hobbs,202
Nicolas Kennedy,111
Bobby Taylor,124
Courtney Cherry,151
Ashley Anderson,140
Matthew Brown,126
Antonio Johnson,328
Calvin Lopez,124
Justin Moore,272
Anne Adams,92
Steven Tran,338
Dennis Ross,144
Julie Berry,126
Lisa Johnson,166
Matthew Guzman,71
David Russell,491
Laura Knight,392
Chad Shields,350
Adriana Barnett,86
Ricky Werner,306
Daniel Harris,299
Andrea Padilla,362
Renee Huff,399
Jason Bryant,497
Susan Perez,474
Lisa Gomez,107
Yvonne Sullivan,256
Alfred Mayer,497
Jillian Gray,192
Jasmine Rubio,334
Trevor Jenkins,208
Joseph Phillips,421
David Williams,451
Tara Charles,360
Robert Sosa,290
Marcus Olson,192
Darryl Ortiz,387
Michael Whitehead,312
Amanda Cunningham,417
Darlene Gilmore,112
Kayla Adams,319
Julian Perez,235
Denise Love,271
Shannon Peters,480
Joseph Rogers,68
Luis Huynh,388
Michael Wheeler,339
Amber Ortiz,305
Jessica Gomez,226
Deanna Harper,328
Ashley Stone,239
Micheal Gonzalez,330
Stacy Dunn,281
Jeffrey Rush,298
Jaime Choi,164
Brandi Brown,243
Rachel Ruiz,462
Andrew Price,454
Anthony Parks,274
Emily Guzman,292
Jennifer Wells,302
Nancy Clark,136
Kenneth Adams,163
Matthew Cook,309
Bryan Edwards,386
Keith Wright,381
Amy Wright,405
Andrew Haney,398
Daniel Joyce,434
Grant Poole,130
Nancy Duran,451
Ryan Bradley,53
Steven Ayala,420
Michelle Wright,148
Emma Ramirez DDS,183
Richard Schmidt,266
Robert Johnson,229
Karen Watson,66
Timothy Smith,216
Jeffrey Powers,477
Benjamin Mayer,74
Daniel Gaines,430
Brianna Hines,278
Jennifer Atkins,445
Peggy Anderson,174
Julia Johnson,204
Ashley Henderson,397
James Morgan,62
Margaret Fischer,312
Brian Flores,50
Kathleen Rivera,106
Joshua Thomas,405
Renee Conner,108
Danielle Burns,264
David Gardner,92
Anthony Santana,293
Dr. Eric Smith PhD,499
Joseph Vargas,103
Kaitlyn Holland,185
Randy Oconnor,248
James Bean,99
David Black,61
Tamara Kennedy,201
Amy Vasquez,325
Dr. Aaron Ortega,67
Alison Smith,470
Susan Rasmussen,208
Douglas Jackson,192
John Jones,205
Andrew Vincent,417
Nicholas White,171
Donald Bowman,235
Barry Kennedy,303
Michael Curtis,54
David Ballard,120
Patricia Taylor,161
Rebecca Lane,226
Jimmy Becker,139
Amy Meyers,280
Mary Scott,257
Alan Thomas,285
Molly Owens,76
Julie Moses,252
James Harper,238
Nicholas White,108
Anthony Mcknight,69
Stacey Bailey,335
Brian Campbell,323
Rebecca Rosales,281
Tracy Cordova,366
Kristin Bailey,289
Nathan Black,253
John Wood,144
Caitlin Trujillo,171
Wesley Acosta,124
Cody Turner,365
Daniel Macdonald,66
Sean Smith,404
Adam Caldwell,183
Nathan Whitney,234
Lori Jackson,108
Daniel Kirk,346
Jon Turner,341
Justin Holland,253
Michael Choi,376
Edward Lee,152
Joshua Tran,396
Dwayne Rodgers,379
Crystal Hall,307
Tamara Mathis,115
Christopher Thomas,435
Kenneth Davis MD,241
Brianna King,212
Bradley Mcfarland,224
Brittany Wong,406
Shelley Smith,319
Joshua Gomez,136
Laurie Adams,448
Joanna Dean,431
Alex Johnson,493
Brooke Le,403
Christine Park,427
Yvette Clay,442
Julia Kelley,441
Gloria Pennington,375
Edward Clarke,250
Eric Mcdonald,387
Edward Gonzalez,253
Dennis Bowers,446
Andrew Fernandez,131
Adam Glenn,167
Christine Crawford,218
Toni Reyes,201
Anthony Berry,182
Sean Pearson,301
Todd Barber,492
Jeffrey Bailey,205
Keith Forbes,92
Wesley Hernandez,147
Anthony Melton,271
John Figueroa,142
Robert Morrison,130
David Newman,179
Susan Johnson,487
Miguel Cunningham,228
Brandon Morton,354
Donna Fields,93
Paul Burns,267
Catherine Blackburn,240
Mrs. Angela Weber,146
Jimmy Daugherty,367
Leslie Clark,56
Luis Jones,428
Bryan Bates,269
Leslie Lee,228
Gene Bush,386
Bobby Neal,253
Melissa Weeks,223
Joseph Cole,180
Catherine Alexander,351
Michelle Brooks,201
Jerry Steele,438
Timothy Wright,266
Michael Nguyen,409
Caleb Stewart,373
Katherine Lloyd,89
Randall Moreno,457
Suzanne Hernandez,204
Samuel Rivers,118
Brandi Burnett,321
Teresa Perez,499
Joseph Miller,325
Krista Bell,125
Richard Murphy,417
Sandy Bolton,389
Victoria Soto,479
Joshua Larson,379
Nicholas Chan,303
Nicholas Roman,396
Nicolas Lloyd,462
Mary Morris,113
Keith Ferguson,263
Jasmine Howard,233
Melanie Sullivan,225
Ryan Simmons,135
Aaron Ortiz,368
Robert Hall,88
Julia Ball,325
Barbara Jackson,226
Brandy Cameron,444
Timothy Johnson,85
Pamela Stephens,490
Ryan Williams,335
Parker Robinson,467
William Carey,78
Anna Valenzuela,206
Sandra Gregory,454
David Hobbs,247
Rebecca Matthews,69
Michael Delgado,408
Tony Church,498
Jessica Willis,488
Robert Dennis,460
Annette Vasquez,490
Carrie Garcia,388
Brian Clarke,403
Angela Andrews,235
Larry Evans,164
Jordan Richardson,418
Michelle Hickman,183
Juan Conrad,259
Jacqueline Davis,405
Shawn Becker,400
Dorothy Gonzalez,305
Michael Wilson,343
Nicole Gardner,390
Amy Thompson,478
Robert Berry,205
Madison Lester,217
Walter Diaz,289
Patricia Johnson,71
Ryan Rojas,254
Carlos Howell,477
Jessica Holt,99
Kevin Arellano,305
Michelle Knight,386
Pamela Khan,126
Alexa Estrada,265
Donna Lane,417
Kelly Russell,374
Patrick Reed,193
Erin Bradley,231
Brooke Perez,273
Nicholas Jordan,261
Howard Phelps,126
Sharon Graham,231
Jasmine Smith,106
John Rasmussen,130
Lisa Burke,179
Steve Diaz,182
Austin Tate,92
